KIT;KIT2;Poste;Fileiras;Graus;Região;Módulo;Módulos;Qtd;Produto;Custo Unit;Custo Total;Custo/Mód;Preço S/ Impostos;TABELA PREÇO;Majorado;Tabela 18%;Tabela 7%;PREÇO DA MESA /MÓDULO
SOLO 1 FILEIRA 10 GRAUS REGIAO 1 1134;SOLO 1 FILEIRA 10 GRAUS REGIAO 1 ;Monoposte;1;10;1;1134;40;13;EFSALKITPTM2;109.55;1424.13;35.6;58.37;71.33;79.26;80.23;69.69;161.66000000000003
;SOLO 1 FILEIRA 10 GRAUS REGIAO 1 ;Monoposte;1;10;1;1134;40;2;SL002C200X000BRT;30.7;61.4;1.53;2.52;3.08;3.42;3.46;3.0;161.66000000000003
;SOLO 1 FILEIRA 10 GRAUS REGIAO 1 ;Monoposte;1;10;1;1134;40;22;SL002C407X000BRT;62.47;1374.34;34.36;56.33;68.84;76.49;77.42;67.25;161.66000000000003
;SOLO 1 FILEIRA 10 GRAUS REGIAO 1 ;Monoposte;1;10;1;1134;40;22;EFSALJUNCAO400;3.91;85.95;2.15;3.52;4.31;4.78;4.84;4.21;161.66000000000003
;SOLO 1 FILEIRA 10 GRAUS REGIAO 1 ;Monoposte;1;10;1;1134;40;13;EFSALKITTRAV02;17.07;221.91;5.55;9.09;11.11;12.35;12.5;10.86;161.66000000000003
;SOLO 1 FILEIRA 10 GRAUS REGIAO 1 ;Monoposte;1;10;1;1134;40;78;PSGRAMPINTSMART2;0.7;54.76;1.37;2.24;2.74;3.05;3.08;2.68;161.66000000000003
;SOLO 1 FILEIRA 10 GRAUS REGIAO 1 ;Monoposte;1;10;1;1134;40;4;SOLOGRAMPTERM1;1.25;5.01;0.13;0.21;0.25;0.28;0.28;0.25;161.66000000000003
SOLO 1 FILEIRA 10 GRAUS REGIAO 1 1303;SOLO 1 FILEIRA 10 GRAUS REGIAO 1 ;Monoposte;1;10;1;1303;40;14;EFSALKITPTM2;109.55;1533.68;38.34;62.86;76.82;85.35;86.4;75.05;178.42000000000002
;SOLO 1 FILEIRA 10 GRAUS REGIAO 1 ;Monoposte;1;10;1;1303;40;2;SL002C407X000BRT;62.47;124.94;3.12;5.12;6.26;6.95;7.04;6.11;178.42000000000002
;SOLO 1 FILEIRA 10 GRAUS REGIAO 1 ;Monoposte;1;10;1;1303;40;28;SL002C350X000BRT;53.72;1504.2;37.6;61.65;75.34;83.71;84.74;73.61;178.42000000000002
;SOLO 1 FILEIRA 10 GRAUS REGIAO 1 ;Monoposte;1;10;1;1303;40;28;EFSALJUNCAO400;3.91;109.39;2.73;4.48;5.48;6.09;6.16;5.35;178.42000000000002
;SOLO 1 FILEIRA 10 GRAUS REGIAO 1 ;Monoposte;1;10;1;1303;40;14;EFSALKITTRAV03;16.44;230.14;5.75;9.43;11.53;12.81;12.96;11.26;178.42000000000002
;SOLO 1 FILEIRA 10 GRAUS REGIAO 1 ;Monoposte;1;10;1;1303;40;78;PSGRAMPINTSMART2;0.7;54.76;1.37;2.24;2.74;3.05;3.08;2.68;178.42000000000002
;SOLO 1 FILEIRA 10 GRAUS REGIAO 1 ;Monoposte;1;10;1;1303;40;4;SOLOGRAMPTERM1;1.25;5.01;0.13;0.21;0.25;0.28;0.28;0.25;178.42000000000002
SOLO 1 FILEIRA 15 GRAUS REGIAO 1 1134;SOLO 1 FILEIRA 15 GRAUS REGIAO 1 ;Monoposte;1;15;1;1134;40;14;EFSALKITPTM2;109.55;1533.68;38.34;62.86;76.82;85.35;86.4;75.05;167.57000000000002
;SOLO 1 FILEIRA 15 GRAUS REGIAO 1 ;Monoposte;1;15;1;1134;40;2;SL002C200X000BRT;30.7;61.4;1.53;2.52;3.08;3.42;3.46;3.0;167.57000000000002
;SOLO 1 FILEIRA 15 GRAUS REGIAO 1 ;Monoposte;1;15;1;1134;40;22;SL002C407X000BRT;62.47;1374.34;34.36;56.33;68.84;76.49;77.42;67.25;167.57000000000002
;SOLO 1 FILEIRA 15 GRAUS REGIAO 1 ;Monoposte;1;15;1;1134;40;22;EFSALJUNCAO400;3.91;85.95;2.15;3.52;4.31;4.78;4.84;4.21;167.57000000000002
;SOLO 1 FILEIRA 15 GRAUS REGIAO 1 ;Monoposte;1;15;1;1134;40;14;EFSALKITTRAV03;16.44;230.14;5.75;9.43;11.53;12.81;12.96;11.26;167.57000000000002
;SOLO 1 FILEIRA 15 GRAUS REGIAO 1 ;Monoposte;1;15;1;1134;40;78;PSGRAMPINTSMART2;0.7;54.76;1.37;2.24;2.74;3.05;3.08;2.68;167.57000000000002
;SOLO 1 FILEIRA 15 GRAUS REGIAO 1 ;Monoposte;1;15;1;1134;40;4;SOLOGRAMPTERM1;1.25;5.01;0.13;0.21;0.25;0.28;0.28;0.25;167.57000000000002
SOLO 1 FILEIRA 15 GRAUS REGIAO 1 1303;SOLO 1 FILEIRA 15 GRAUS REGIAO 1 ;Monoposte;1;15;1;1303;40;16;EFSALKITPTM2;109.55;1752.78;43.82;71.84;87.79;97.55;98.74;85.77;191.03
;SOLO 1 FILEIRA 15 GRAUS REGIAO 1 ;Monoposte;1;15;1;1303;40;2;SL002C407X000BRT;62.47;124.94;3.12;5.12;6.26;6.95;7.04;6.11;191.03
;SOLO 1 FILEIRA 15 GRAUS REGIAO 1 ;Monoposte;1;15;1;1303;40;28;SL002C350X000BRT;53.72;1504.2;37.6;61.65;75.34;83.71;84.74;73.61;191.03
;SOLO 1 FILEIRA 15 GRAUS REGIAO 1 ;Monoposte;1;15;1;1303;40;28;EFSALJUNCAO400;3.91;109.39;2.73;4.48;5.48;6.09;6.16;5.35;191.03
;SOLO 1 FILEIRA 15 GRAUS REGIAO 1 ;Monoposte;1;15;1;1303;40;16;EFSALKITTRAV03;16.44;263.02;6.58;10.78;13.17;14.64;14.82;12.87;191.03
;SOLO 1 FILEIRA 15 GRAUS REGIAO 1 ;Monoposte;1;15;1;1303;40;78;PSGRAMPINTSMART2;0.7;54.76;1.37;2.24;2.74;3.05;3.08;2.68;191.03
;SOLO 1 FILEIRA 15 GRAUS REGIAO 1 ;Monoposte;1;15;1;1303;40;4;SOLOGRAMPTERM1;1.25;5.01;0.13;0.21;0.25;0.28;0.28;0.25;191.03
SOLO 1 FILEIRA 15 GRAUS REGIAO 2 1134;SOLO 1 FILEIRA 15 GRAUS REGIAO 2 ;Monoposte;1;15;2;1134;40;16;EFSALKITPTM2;109.55;1752.78;43.82;71.84;87.79;97.55;98.74;85.77;179.93
;SOLO 1 FILEIRA 15 GRAUS REGIAO 2 ;Monoposte;1;15;2;1134;40;2;SL002C200X000BRT;30.7;61.4;1.53;2.52;3.08;3.42;3.46;3.0;179.93
;SOLO 1 FILEIRA 15 GRAUS REGIAO 2 ;Monoposte;1;15;2;1134;40;22;SL002C407X000BRT;62.47;1374.34;34.36;56.33;68.84;76.49;77.42;67.25;179.93
;SOLO 1 FILEIRA 15 GRAUS REGIAO 2 ;Monoposte;1;15;2;1134;40;22;EFSALJUNCAO400;3.91;85.95;2.15;3.52;4.31;4.78;4.84;4.21;179.93
;SOLO 1 FILEIRA 15 GRAUS REGIAO 2 ;Monoposte;1;15;2;1134;40;16;EFSALKITTRAV03;16.44;263.02;6.58;10.78;13.17;14.64;14.82;12.87;179.93
;SOLO 1 FILEIRA 15 GRAUS REGIAO 2 ;Monoposte;1;15;2;1134;40;78;PSGRAMPINTSMART2;0.7;54.76;1.37;2.24;2.74;3.05;3.08;2.68;179.93
SOLO 1 FILEIRA 15 GRAUS REGIAO 2 1134;SOLO 1 FILEIRA 15 GRAUS REGIAO 2 ;Monoposte;1;15;2;1134;40;4;SOLOGRAMPTERM1;1.25;5.01;0.13;0.21;0.25;0.28;0.28;0.25;196.4
;SOLO 1 FILEIRA 15 GRAUS REGIAO 2 ;Monoposte;1;15;2;1303;40;17;EFSALKITPTM2;109.55;1862.33;46.56;76.32;93.28;103.64;104.91;91.13;196.4
;SOLO 1 FILEIRA 15 GRAUS REGIAO 2 ;Monoposte;1;15;2;1303;40;2;SL002C407X000BRT;62.47;124.94;3.12;5.12;6.26;6.95;7.04;6.11;196.4
;SOLO 1 FILEIRA 15 GRAUS REGIAO 2 ;Monoposte;1;15;2;1303;40;28;SL002C350X000BRT;53.72;1504.2;37.6;61.65;75.34;83.71;84.74;73.61;196.4
;SOLO 1 FILEIRA 15 GRAUS REGIAO 2 ;Monoposte;1;15;2;1303;40;28;EFSALJUNCAO400;3.91;109.39;2.73;4.48;5.48;6.09;6.16;5.35;196.4
;SOLO 1 FILEIRA 15 GRAUS REGIAO 2 ;Monoposte;1;15;2;1303;40;16;EFSALKITTRAV06;15.97;255.55;6.39;10.47;12.8;14.22;14.4;12.51;196.4
;SOLO 1 FILEIRA 15 GRAUS REGIAO 2 ;Monoposte;1;15;2;1303;40;78;PSGRAMPINTSMART2;0.7;54.76;1.37;2.24;2.74;3.05;3.08;2.68;196.4
;SOLO 1 FILEIRA 15 GRAUS REGIAO 2 ;Monoposte;1;15;2;1303;40;4;SOLOGRAMPTERM1;1.25;5.01;0.13;0.21;0.25;0.28;0.28;0.25;196.4
SOLO 1 FILEIRA 15 GRAUS REGIAO 3 1134;SOLO 1 FILEIRA 15 GRAUS REGIAO 3 ;Monoposte;1;15;3;1134;40;15;EFSALKITPTM2;109.55;1643.23;41.08;67.35;82.31;91.45;92.57;80.41;172.73000000000002
;SOLO 1 FILEIRA 15 GRAUS REGIAO 3 ;Monoposte;1;15;3;1134;40;2;SL002C200X000BRT;30.7;61.4;1.53;2.52;3.08;3.42;3.46;3.0;172.73000000000002
;SOLO 1 FILEIRA 15 GRAUS REGIAO 3 ;Monoposte;1;15;3;1134;40;22;SL002C407X000BRT;62.47;1374.34;34.36;56.33;68.84;76.49;77.42;67.25;172.73000000000002
;SOLO 1 FILEIRA 15 GRAUS REGIAO 3 ;Monoposte;1;15;3;1134;40;22;EFSALJUNCAO400;3.91;85.95;2.15;3.52;4.31;4.78;4.84;4.21;172.73000000000002
;SOLO 1 FILEIRA 15 GRAUS REGIAO 3 ;Monoposte;1;15;3;1134;40;14;EFSALKITTRAV06;15.97;223.6;5.59;9.16;11.2;12.44;12.6;10.94;172.73000000000002
;SOLO 1 FILEIRA 15 GRAUS REGIAO 3 ;Monoposte;1;15;3;1134;40;78;PSGRAMPINTSMART2;0.7;54.76;1.37;2.24;2.74;3.05;3.08;2.68;172.73000000000002
;SOLO 1 FILEIRA 15 GRAUS REGIAO 3 ;Monoposte;1;15;3;1134;40;4;SOLOGRAMPTERM1;1.25;5.01;0.13;0.21;0.25;0.28;0.28;0.25;172.73000000000002
SOLO 1 FILEIRA 15 GRAUS REGIAO 3 1303;SOLO 1 FILEIRA 15 GRAUS REGIAO 3 ;Monoposte;1;15;3;1303;40;17;EFSALKITPTM2;109.55;1862.33;46.56;76.32;93.28;103.64;104.91;91.13;196.15
;SOLO 1 FILEIRA 15 GRAUS REGIAO 3 ;Monoposte;1;15;3;1303;40;2;SL002C407X000BRT;62.47;124.94;3.12;5.12;6.26;6.95;7.04;6.11;196.15
;SOLO 1 FILEIRA 15 GRAUS REGIAO 3 ;Monoposte;1;15;3;1303;40;28;SL002C350X000BRT;53.72;1504.2;37.6;61.65;75.34;83.71;84.74;73.61;196.15
;SOLO 1 FILEIRA 15 GRAUS REGIAO 3 ;Monoposte;1;15;3;1303;40;28;EFSALJUNCAO400;3.91;109.39;2.73;4.48;5.48;6.09;6.16;5.35;196.15
;SOLO 1 FILEIRA 15 GRAUS REGIAO 3 ;Monoposte;1;15;3;1303;40;16;EFSALKITTRAV06;15.97;255.55;6.39;10.47;12.8;14.22;14.4;12.51;196.15
;SOLO 1 FILEIRA 15 GRAUS REGIAO 3 ;Monoposte;1;15;3;1303;40;78;PSGRAMPINTSMART2;0.7;54.76;1.37;2.24;2.74;3.05;3.08;2.68;196.15
;SOLO 1 FILEIRA 15 GRAUS REGIAO 3 ;Monoposte;1;15;3;1303;40;4;SOLOGRAMPTERM1;1.25;5.01;0.13;0.21;0.25;0.28;0.28;0.25;196.15
SOLO 1 FILEIRA 20 GRAUS REGIAO 2 1134;SOLO 1 FILEIRA 20 GRAUS REGIAO 2 ;Monoposte;1;20;2;1134;40;15;EFSALKITPTM2;109.55;1643.23;41.08;67.35;82.31;91.45;92.57;80.41;172.73000000000002
;SOLO 1 FILEIRA 20 GRAUS REGIAO 2 ;Monoposte;1;20;2;1134;40;2;SL002C200X000BRT;30.7;61.4;1.53;2.52;3.08;3.42;3.46;3.0;172.73000000000002
;SOLO 1 FILEIRA 20 GRAUS REGIAO 2 ;Monoposte;1;20;2;1134;40;22;SL002C407X000BRT;62.47;1374.34;34.36;56.33;68.84;76.49;77.42;67.25;172.73000000000002
;SOLO 1 FILEIRA 20 GRAUS REGIAO 2 ;Monoposte;1;20;2;1134;40;22;EFSALJUNCAO400;3.91;85.95;2.15;3.52;4.31;4.78;4.84;4.21;172.73000000000002
;SOLO 1 FILEIRA 20 GRAUS REGIAO 2 ;Monoposte;1;20;2;1134;40;14;EFSALKITTRAV06;15.97;223.6;5.59;9.16;11.2;12.44;12.6;10.94;172.73000000000002
;SOLO 1 FILEIRA 20 GRAUS REGIAO 2 ;Monoposte;1;20;2;1134;40;78;PSGRAMPINTSMART2;0.7;54.76;1.37;2.24;2.74;3.05;3.08;2.68;172.73000000000002
;SOLO 1 FILEIRA 20 GRAUS REGIAO 2 ;Monoposte;1;20;2;1134;40;4;SOLOGRAMPTERM1;1.25;5.01;0.13;0.21;0.25;0.28;0.28;0.25;172.73000000000002
SOLO 1 FILEIRA 20 GRAUS REGIAO 2 1303;SOLO 1 FILEIRA 20 GRAUS REGIAO 2 ;Monoposte;1;20;2;1303;40;17;EFSALKITPTM2;109.55;1862.33;46.56;76.32;93.28;103.64;104.91;91.13;196.15
;SOLO 1 FILEIRA 20 GRAUS REGIAO 2 ;Monoposte;1;20;2;1303;40;2;SL002C407X000BRT;62.47;124.94;3.12;5.12;6.26;6.95;7.04;6.11;196.15
;SOLO 1 FILEIRA 20 GRAUS REGIAO 2 ;Monoposte;1;20;2;1303;40;28;SL002C350X000BRT;53.72;1504.2;37.6;61.65;75.34;83.71;84.74;73.61;196.15
;SOLO 1 FILEIRA 20 GRAUS REGIAO 2 ;Monoposte;1;20;2;1303;40;28;EFSALJUNCAO400;3.91;109.39;2.73;4.48;5.48;6.09;6.16;5.35;196.15
;SOLO 1 FILEIRA 20 GRAUS REGIAO 2 ;Monoposte;1;20;2;1303;40;16;EFSALKITTRAV06;15.97;255.55;6.39;10.47;12.8;14.22;14.4;12.51;196.15
;SOLO 1 FILEIRA 20 GRAUS REGIAO 2 ;Monoposte;1;20;2;1303;40;78;PSGRAMPINTSMART2;0.7;54.76;1.37;2.24;2.74;3.05;3.08;2.68;196.15
;SOLO 1 FILEIRA 20 GRAUS REGIAO 2 ;Monoposte;1;20;2;1303;40;4;SOLOGRAMPTERM1;1.25;5.01;0.13;0.21;0.25;0.28;0.28;0.25;196.15
SOLO 1 FILEIRA 20 GRAUS REGIAO 3 1134;SOLO 1 FILEIRA 20 GRAUS REGIAO 3 ;Monoposte;1;20;3;1134;40;15;EFSALKITPTM2;109.55;1643.23;41.08;67.35;82.31;91.45;92.57;80.41;172.73000000000002
;SOLO 1 FILEIRA 20 GRAUS REGIAO 3 ;Monoposte;1;20;3;1134;40;2;SL002C200X000BRT;30.7;61.4;1.53;2.52;3.08;3.42;3.46;3.0;172.73000000000002
;SOLO 1 FILEIRA 20 GRAUS REGIAO 3 ;Monoposte;1;20;3;1134;40;22;SL002C407X000BRT;62.47;1374.34;34.36;56.33;68.84;76.49;77.42;67.25;172.73000000000002
;SOLO 1 FILEIRA 20 GRAUS REGIAO 3 ;Monoposte;1;20;3;1134;40;22;EFSALJUNCAO400;3.91;85.95;2.15;3.52;4.31;4.78;4.84;4.21;172.73000000000002
;SOLO 1 FILEIRA 20 GRAUS REGIAO 3 ;Monoposte;1;20;3;1134;40;14;EFSALKITTRAV06;15.97;223.6;5.59;9.16;11.2;12.44;12.6;10.94;172.73000000000002
;SOLO 1 FILEIRA 20 GRAUS REGIAO 3 ;Monoposte;1;20;3;1134;40;78;PSGRAMPINTSMART2;0.7;54.76;1.37;2.24;2.74;3.05;3.08;2.68;172.73000000000002
;SOLO 1 FILEIRA 20 GRAUS REGIAO 3 ;Monoposte;1;20;3;1134;40;4;SOLOGRAMPTERM1;1.25;5.01;0.13;0.21;0.25;0.28;0.28;0.25;172.73000000000002
SOLO 1 FILEIRA 20 GRAUS REGIAO 3 1303;SOLO 1 FILEIRA 20 GRAUS REGIAO 3 ;Monoposte;1;20;3;1303;40;18;EFSALKITPTM2;109.55;1971.87;49.3;80.81;98.77;109.74;111.09;96.49;203.1
;SOLO 1 FILEIRA 20 GRAUS REGIAO 3 ;Monoposte;1;20;3;1303;40;2;SL002C407X000BRT;62.47;124.94;3.12;5.12;6.26;6.95;7.04;6.11;203.1
;SOLO 1 FILEIRA 20 GRAUS REGIAO 3 ;Monoposte;1;20;3;1303;40;28;SL002C350X000BRT;53.72;1504.2;37.6;61.65;75.34;83.71;84.74;73.61;203.1
;SOLO 1 FILEIRA 20 GRAUS REGIAO 3 ;Monoposte;1;20;3;1303;40;28;EFSALJUNCAO400;3.91;109.39;2.73;4.48;5.48;6.09;6.16;5.35;203.1
;SOLO 1 FILEIRA 20 GRAUS REGIAO 3 ;Monoposte;1;20;3;1303;40;18;EFSALKITTRAV04;15.82;284.69;7.12;11.67;14.26;15.84;16.04;13.93;203.1
;SOLO 1 FILEIRA 20 GRAUS REGIAO 3 ;Monoposte;1;20;3;1303;40;78;PSGRAMPINTSMART2;0.7;54.76;1.37;2.24;2.74;3.05;3.08;2.68;203.1
;SOLO 1 FILEIRA 20 GRAUS REGIAO 3 ;Monoposte;1;20;3;1303;40;4;SOLOGRAMPTERM1;1.25;5.01;0.13;0.21;0.25;0.28;0.28;0.25;203.1
SOLO 1 FILEIRA 20 GRAUS REGIAO 4 1134;SOLO 1 FILEIRA 20 GRAUS REGIAO 4 ;Monoposte;1;20;4;1134;40;16;EFSALKITPTM2;109.55;1752.78;43.82;71.84;87.79;97.55;98.74;85.77;178.84000000000003
;SOLO 1 FILEIRA 20 GRAUS REGIAO 4 ;Monoposte;1;20;4;1134;40;2;SL002C200X000BRT;30.7;61.4;1.53;2.52;3.08;3.42;3.46;3.0;178.84000000000003
;SOLO 1 FILEIRA 20 GRAUS REGIAO 4 ;Monoposte;1;20;4;1134;40;22;SL002C407X000BRT;62.47;1374.34;34.36;56.33;68.84;76.49;77.42;67.25;178.84000000000003
;SOLO 1 FILEIRA 20 GRAUS REGIAO 4 ;Monoposte;1;20;4;1134;40;22;EFSALJUNCAO400;3.91;85.95;2.15;3.52;4.31;4.78;4.84;4.21;178.84000000000003
;SOLO 1 FILEIRA 20 GRAUS REGIAO 4 ;Monoposte;1;20;4;1134;40;16;EFSALCONTVENT310;14.76;236.23;5.91;9.68;11.83;13.15;13.31;11.56;178.84000000000003
;SOLO 1 FILEIRA 20 GRAUS REGIAO 4 ;Monoposte;1;20;4;1134;40;78;PSGRAMPINTSMART2;0.7;54.76;1.37;2.24;2.74;3.05;3.08;2.68;178.84000000000003
;SOLO 1 FILEIRA 20 GRAUS REGIAO 4 ;Monoposte;1;20;4;1134;40;4;SOLOGRAMPTERM1;1.25;5.01;0.13;0.21;0.25;0.28;0.28;0.25;178.84000000000003
SOLO 1 FILEIRA 20 GRAUS REGIAO 4 1303;SOLO 1 FILEIRA 20 GRAUS REGIAO 4 ;Monoposte;1;20;4;1303;40;19;EFSALKITPTM2;109.55;2081.42;52.04;85.3;104.25;115.84;117.26;101.86;207.88000000000002
;SOLO 1 FILEIRA 20 GRAUS REGIAO 4 ;Monoposte;1;20;4;1303;40;2;SL002C407X000BRT;62.47;124.94;3.12;5.12;6.26;6.95;7.04;6.11;207.88000000000002
;SOLO 1 FILEIRA 20 GRAUS REGIAO 4 ;Monoposte;1;20;4;1303;40;28;SL002C350X000BRT;53.72;1504.2;37.6;61.65;75.34;83.71;84.74;73.61;207.88000000000002
;SOLO 1 FILEIRA 20 GRAUS REGIAO 4 ;Monoposte;1;20;4;1303;40;28;EFSALJUNCAO400;3.91;109.39;2.73;4.48;5.48;6.09;6.16;5.35;207.88000000000002
;SOLO 1 FILEIRA 20 GRAUS REGIAO 4 ;Monoposte;1;20;4;1303;40;18;EFSALCONTVENT305;15.04;270.68;6.77;11.09;13.56;15.06;15.25;13.25;207.88000000000002
;SOLO 1 FILEIRA 20 GRAUS REGIAO 4 ;Monoposte;1;20;4;1303;40;78;PSGRAMPINTSMART2;0.7;54.76;1.37;2.24;2.74;3.05;3.08;2.68;207.88000000000002
;SOLO 1 FILEIRA 20 GRAUS REGIAO 4 ;Monoposte;1;20;4;1303;40;4;SOLOGRAMPTERM1;1.25;5.01;0.13;0.21;0.25;0.28;0.28;0.25;207.88000000000002
SOLO 1 FILEIRA 25 GRAUS REGIAO 4 1134;SOLO 1 FILEIRA 25 GRAUS REGIAO 4 ;Monoposte;1;25;4;1134;40;18;EFSALKITPTM2;109.55;1971.87;49.3;80.81;98.77;109.74;111.09;96.49;186.25
;SOLO 1 FILEIRA 25 GRAUS REGIAO 4 ;Monoposte;1;25;4;1134;40;2;SL002C200X000BRT;30.7;61.4;1.53;2.52;3.08;3.42;3.46;3.0;186.25
;SOLO 1 FILEIRA 25 GRAUS REGIAO 4 ;Monoposte;1;25;4;1134;40;22;SL002C407X000BRT;62.47;1374.34;34.36;56.33;68.84;76.49;77.42;67.25;186.25
;SOLO 1 FILEIRA 25 GRAUS REGIAO 4 ;Monoposte;1;25;4;1134;40;22;EFSALJUNCAO400;3.91;85.95;2.15;3.52;4.31;4.78;4.84;4.21;186.25
;SOLO 1 FILEIRA 25 GRAUS REGIAO 4 ;Monoposte;1;25;4;1134;40;18;EFSALCONTVENT285;9.16;164.87;4.12;6.76;8.26;9.18;9.29;8.07;186.25
;SOLO 1 FILEIRA 25 GRAUS REGIAO 4 ;Monoposte;1;25;4;1134;40;78;PSGRAMPINTSMART2;0.7;54.76;1.37;2.24;2.74;3.05;3.08;2.68;186.25
;SOLO 1 FILEIRA 25 GRAUS REGIAO 4 ;Monoposte;1;25;4;1134;40;4;SOLOGRAMPTERM1;1.25;5.01;0.13;0.21;0.25;0.28;0.28;0.25;186.25
SOLO 1 FILEIRA 25 GRAUS REGIAO 4 1303;SOLO 1 FILEIRA 25 GRAUS REGIAO 4 ;Monoposte;1;25;4;1303;40;21;EFSALKITPTM2;109.55;2300.52;57.51;94.28;115.23;128.03;129.6;112.58;219.27
;SOLO 1 FILEIRA 25 GRAUS REGIAO 4 ;Monoposte;1;25;4;1303;40;2;SL002C407X000BRT;62.47;124.94;3.12;5.12;6.26;6.95;7.04;6.11;219.27
;SOLO 1 FILEIRA 25 GRAUS REGIAO 4 ;Monoposte;1;25;4;1303;40;28;SL002C350X000BRT;53.72;1504.2;37.6;61.65;75.34;83.71;84.74;73.61;219.27
;SOLO 1 FILEIRA 25 GRAUS REGIAO 4 ;Monoposte;1;25;4;1303;40;28;EFSALJUNCAO400;3.91;109.39;2.73;4.48;5.48;6.09;6.16;5.35;219.27
;SOLO 1 FILEIRA 25 GRAUS REGIAO 4 ;Monoposte;1;25;4;1303;40;20;EFSALCONTVENT270;13.95;278.97;6.97;11.43;13.97;15.53;15.72;13.65;219.27
;SOLO 1 FILEIRA 25 GRAUS REGIAO 4 ;Monoposte;1;25;4;1303;40;78;PSGRAMPINTSMART2;0.7;54.76;1.37;2.24;2.74;3.05;3.08;2.68;219.27
;SOLO 1 FILEIRA 25 GRAUS REGIAO 4 ;Monoposte;1;25;4;1303;40;4;SOLOGRAMPTERM1;1.25;5.01;0.13;0.21;0.25;0.28;0.28;0.25;219.27
SOLO 1 FILEIRA 25 GRAUS REGIAO 5 1134;SOLO 1 FILEIRA 25 GRAUS REGIAO 5 ;Monoposte;1;25;5;1134;40;22;EFSALKITPTM2;109.55;2410.07;60.25;98.77;120.71;134.13;135.77;117.94;214.33
;SOLO 1 FILEIRA 25 GRAUS REGIAO 5 ;Monoposte;1;25;5;1134;40;2;SL002C200X000BRT;30.7;61.4;1.53;2.52;3.08;3.42;3.46;3.0;214.33
;SOLO 1 FILEIRA 25 GRAUS REGIAO 5 ;Monoposte;1;25;5;1134;40;22;SL002C407X000BRT;62.47;1374.34;34.36;56.33;68.84;76.49;77.42;67.25;214.33
;SOLO 1 FILEIRA 25 GRAUS REGIAO 5 ;Monoposte;1;25;5;1134;40;22;EFSALJUNCAO400;3.91;85.95;2.15;3.52;4.31;4.78;4.84;4.21;214.33
;SOLO 1 FILEIRA 25 GRAUS REGIAO 5 ;Monoposte;1;25;5;1134;40;22;EFSALKITTRAV05;13.07;287.47;7.19;11.78;14.4;16.0;16.19;14.07;214.33
;SOLO 1 FILEIRA 25 GRAUS REGIAO 5 ;Monoposte;1;25;5;1134;40;78;PSGRAMPINTSMART2;0.7;54.76;1.37;2.24;2.74;3.05;3.08;2.68;214.33
;SOLO 1 FILEIRA 25 GRAUS REGIAO 5 ;Monoposte;1;25;5;1134;40;4;SOLOGRAMPTERM1;1.25;5.01;0.13;0.21;0.25;0.28;0.28;0.25;214.33
SOLO 1 FILEIRA 25 GRAUS REGIAO 5 1303;SOLO 1 FILEIRA 25 GRAUS REGIAO 5 ;Monoposte;1;25;5;1303;40;26;EFSALKITPTM2;109.55;2848.26;71.21;116.73;142.66;158.51;160.46;139.38;250.13
;SOLO 1 FILEIRA 25 GRAUS REGIAO 5 ;Monoposte;1;25;5;1303;40;2;SL002C407X000BRT;62.47;124.94;3.12;5.12;6.26;6.95;7.04;6.11;250.13
;SOLO 1 FILEIRA 25 GRAUS REGIAO 5 ;Monoposte;1;25;5;1303;40;28;SL002C350X000BRT;53.72;1504.2;37.6;61.65;75.34;83.71;84.74;73.61;250.13
;SOLO 1 FILEIRA 25 GRAUS REGIAO 5 ;Monoposte;1;25;5;1303;40;28;EFSALJUNCAO400;3.91;109.39;2.73;4.48;5.48;6.09;6.16;5.35;250.13
;SOLO 1 FILEIRA 25 GRAUS REGIAO 5 ;Monoposte;1;25;5;1303;40;26;EFSALCONTVENT265;13.36;347.46;8.69;14.24;17.4;19.34;19.57;17.0;250.13
;SOLO 1 FILEIRA 25 GRAUS REGIAO 5 ;Monoposte;1;25;5;1303;40;78;PSGRAMPINTSMART2;0.7;54.76;1.37;2.24;2.74;3.05;3.08;2.68;250.13
;SOLO 1 FILEIRA 25 GRAUS REGIAO 5 ;Monoposte;1;25;5;1303;40;4;SOLOGRAMPTERM1;1.25;5.01;0.13;0.21;0.25;0.28;0.28;0.25;250.13
SOLO 2 FILEIRAS 10 GRAUS REGIAO 1 1134;SOLO 2 FILEIRAS 10 GRAUS REGIAO 1 ;Monoposte;2;10;1;1134;80;6;PTM10BIPOSTE01;218.85;1313.1;16.41;26.91;29.65;32.94;36.99;32.13;151.03
;SOLO 2 FILEIRAS 10 GRAUS REGIAO 1 ;Monoposte;2;10;1;1134;80;9;PTM10MONO01;221.0;1989.04;24.86;40.76;44.91;49.9;56.03;48.67;151.03
;SOLO 2 FILEIRAS 10 GRAUS REGIAO 1 ;Monoposte;2;10;1;1134;80;4;SL002C200X000BRT;30.7;122.79;1.53;2.52;2.77;3.08;3.46;3.0;151.03
;SOLO 2 FILEIRAS 10 GRAUS REGIAO 1 ;Monoposte;2;10;1;1134;80;44;SL002C407X000BRT;62.47;2748.69;34.36;56.33;62.07;68.96;77.42;67.25;151.03
;SOLO 2 FILEIRAS 10 GRAUS REGIAO 1 ;Monoposte;2;10;1;1134;80;44;EFSALJUNCAO400;3.91;171.9;2.15;3.52;3.88;4.31;4.84;4.21;151.03
;SOLO 2 FILEIRAS 10 GRAUS REGIAO 1 ;Monoposte;2;10;1;1134;80;14;EFSALKITTRAV06;15.97;223.6;2.8;4.58;5.05;5.61;6.3;5.47;151.03
;SOLO 2 FILEIRAS 10 GRAUS REGIAO 1 ;Monoposte;2;10;1;1134;80;156;PSGRAMPINTSMART2;0.7;109.51;1.37;2.24;2.47;2.75;3.08;2.68;151.03
;SOLO 2 FILEIRAS 10 GRAUS REGIAO 1 ;Monoposte;2;10;1;1134;80;8;SOLOGRAMPTERM1;1.25;10.02;0.13;0.21;0.23;0.25;0.28;0.25;151.03
SOLO 2 FILEIRAS 10 GRAUS REGIAO 1 1303;SOLO 2 FILEIRAS 10 GRAUS REGIAO 1 ;Monoposte;2;10;1;1303;80;8;PTM10BIPOSTE02;222.53;1780.24;22.25;36.48;40.2;44.67;50.14;43.56;189.02
;SOLO 2 FILEIRAS 10 GRAUS REGIAO 1 ;Monoposte;2;10;1;1303;80;12;PTM10MONO02;224.45;2693.37;33.67;55.19;60.82;67.58;75.87;65.9;189.02
;SOLO 2 FILEIRAS 10 GRAUS REGIAO 1 ;Monoposte;2;10;1;1303;80;4;SL002C407X000BRT;62.47;249.88;3.12;5.12;5.64;6.27;7.04;6.11;189.02
;SOLO 2 FILEIRAS 10 GRAUS REGIAO 1 ;Monoposte;2;10;1;1303;80;56;SL002C350X000BRT;53.72;3008.39;37.6;61.65;67.93;75.48;84.74;73.61;189.02
;SOLO 2 FILEIRAS 10 GRAUS REGIAO 1 ;Monoposte;2;10;1;1303;80;56;EFSALJUNCAO400;3.91;218.78;2.73;4.48;4.94;5.49;6.16;5.35;189.02
;SOLO 2 FILEIRAS 10 GRAUS REGIAO 1 ;Monoposte;2;10;1;1303;80;20;EFSALCONTVENT305;15.04;300.76;3.76;6.16;6.79;7.55;8.47;7.36;189.02
;SOLO 2 FILEIRAS 10 GRAUS REGIAO 1 ;Monoposte;2;10;1;1303;80;156;PSGRAMPINTSMART2;0.7;109.51;1.37;2.24;2.47;2.75;3.08;2.68;189.02
;SOLO 2 FILEIRAS 10 GRAUS REGIAO 1 ;Monoposte;2;10;1;1303;80;8;SOLOGRAMPTERM1;1.25;10.02;0.13;0.21;0.23;0.25;0.28;0.25;189.02
SOLO 2 FILEIRAS 15 GRAUS REGIAO 1 1134;SOLO 2 FILEIRAS 15 GRAUS REGIAO 1 ;Monoposte;2;15;1;1134;80;6;PTM15BIPOSTE01;225.48;1352.87;16.91;27.72;30.55;33.94;38.11;33.1;158.95
;SOLO 2 FILEIRAS 15 GRAUS REGIAO 1 ;Monoposte;2;15;1;1134;80;10;PTM15MONO01;227.06;2270.57;28.38;46.53;51.27;56.97;63.96;55.56;158.95
;SOLO 2 FILEIRAS 15 GRAUS REGIAO 1 ;Monoposte;2;15;1;1134;80;4;SL002C200X000BRT;30.7;122.79;1.53;2.52;2.77;3.08;3.46;3.0;158.95
;SOLO 2 FILEIRAS 15 GRAUS REGIAO 1 ;Monoposte;2;15;1;1134;80;44;SL002C407X000BRT;62.47;2748.69;34.36;56.33;62.07;68.96;77.42;67.25;158.95
;SOLO 2 FILEIRAS 15 GRAUS REGIAO 1 ;Monoposte;2;15;1;1134;80;44;EFSALJUNCAO400;3.91;171.9;2.15;3.52;3.88;4.31;4.84;4.21;158.95
;SOLO 2 FILEIRAS 15 GRAUS REGIAO 1 ;Monoposte;2;15;1;1134;80;16;EFSALKITTRAV04;15.82;253.06;3.16;5.19;5.71;6.35;7.13;6.19;158.95
;SOLO 2 FILEIRAS 15 GRAUS REGIAO 1 ;Monoposte;2;15;1;1134;80;156;PSGRAMPINTSMART2;0.7;109.51;1.37;2.24;2.47;2.75;3.08;2.68;158.95
;SOLO 2 FILEIRAS 15 GRAUS REGIAO 1 ;Monoposte;2;15;1;1134;80;8;SOLOGRAMPTERM1;1.25;10.02;0.13;0.21;0.23;0.25;0.28;0.25;158.95
SOLO 2 FILEIRAS 15 GRAUS REGIAO 1 1303;SOLO 2 FILEIRAS 15 GRAUS REGIAO 1 ;Monoposte;2;15;1;1303;80;8;PTM15BIPOSTE02;229.39;1835.12;22.94;37.6;41.44;46.04;51.69;44.9;194.82999999999998
;SOLO 2 FILEIRAS 15 GRAUS REGIAO 1 ;Monoposte;2;15;1;1303;80;13;PTM15MONO02;231.77;3013.07;37.66;61.74;68.04;75.6;84.87;73.72;194.82999999999998
;SOLO 2 FILEIRAS 15 GRAUS REGIAO 1 ;Monoposte;2;15;1;1303;80;4;SL002C407X000BRT;62.47;249.88;3.12;5.12;5.64;6.27;7.04;6.11;194.82999999999998
;SOLO 2 FILEIRAS 15 GRAUS REGIAO 1 ;Monoposte;2;15;1;1303;80;56;SL002C350X000BRT;53.72;3008.39;37.6;61.65;67.93;75.48;84.74;73.61;194.82999999999998
;SOLO 2 FILEIRAS 15 GRAUS REGIAO 1 ;Monoposte;2;15;1;1303;80;56;EFSALJUNCAO400;3.91;218.78;2.73;4.48;4.94;5.49;6.16;5.35;194.82999999999998
;SOLO 2 FILEIRAS 15 GRAUS REGIAO 1 ;Monoposte;2;15;1;1303;80;20;EFSALCONTVENT285;9.16;183.19;2.29;3.75;4.14;4.6;5.16;4.48;194.82999999999998
;SOLO 2 FILEIRAS 15 GRAUS REGIAO 1 ;Monoposte;2;15;1;1303;80;156;PSGRAMPINTSMART2;0.7;109.51;1.37;2.24;2.47;2.75;3.08;2.68;194.82999999999998
;SOLO 2 FILEIRAS 15 GRAUS REGIAO 1 ;Monoposte;2;15;1;1303;80;8;SOLOGRAMPTERM1;1.25;10.02;0.13;0.21;0.23;0.25;0.28;0.25;194.82999999999998
SOLO 2 FILEIRAS 15 GRAUS REGIAO 2 1134;SOLO 2 FILEIRAS 15 GRAUS REGIAO 2 ;Monoposte;2;15;2;1134;80;7;PTM15BIPOSTE01;225.48;1578.35;19.73;32.34;35.64;39.6;44.46;38.62;163.76
;SOLO 2 FILEIRAS 15 GRAUS REGIAO 2 ;Monoposte;2;15;2;1134;80;10;PTM15MONO01;227.06;2270.57;28.38;46.53;51.27;56.97;63.96;55.56;163.76
;SOLO 2 FILEIRAS 15 GRAUS REGIAO 2 ;Monoposte;2;15;2;1134;80;4;SL002C200X000BRT;30.7;122.79;1.53;2.52;2.77;3.08;3.46;3.0;163.76
;SOLO 2 FILEIRAS 15 GRAUS REGIAO 2 ;Monoposte;2;15;2;1134;80;44;SL002C407X000BRT;62.47;2748.69;34.36;56.33;62.07;68.96;77.42;67.25;163.76
;SOLO 2 FILEIRAS 15 GRAUS REGIAO 2 ;Monoposte;2;15;2;1134;80;44;EFSALJUNCAO400;3.91;171.9;2.15;3.52;3.88;4.31;4.84;4.21;163.76
;SOLO 2 FILEIRAS 15 GRAUS REGIAO 2 ;Monoposte;2;15;2;1134;80;16;EFSALCONTVENT305;15.04;240.61;3.01;4.93;5.43;6.04;6.78;5.89;163.76
;SOLO 2 FILEIRAS 15 GRAUS REGIAO 2 ;Monoposte;2;15;2;1134;80;156;PSGRAMPINTSMART2;0.7;109.51;1.37;2.24;2.47;2.75;3.08;2.68;163.76
;SOLO 2 FILEIRAS 15 GRAUS REGIAO 2 ;Monoposte;2;15;2;1134;80;8;SOLOGRAMPTERM1;1.25;10.02;0.13;0.21;0.23;0.25;0.28;0.25;163.76
SOLO 2 FILEIRAS 15 GRAUS REGIAO 2 1303;SOLO 2 FILEIRAS 15 GRAUS REGIAO 2 ;Monoposte;2;15;2;1303;80;9;PTM15BIPOSTE02;229.39;2064.51;25.81;42.31;46.62;51.8;58.15;50.51;200.42000000000002
;SOLO 2 FILEIRAS 15 GRAUS REGIAO 2 ;Monoposte;2;15;2;1303;80;13;PTM15MONO02;231.77;3013.07;37.66;61.74;68.04;75.6;84.87;73.72;200.42000000000002
;SOLO 2 FILEIRAS 15 GRAUS REGIAO 2 ;Monoposte;2;15;2;1303;80;4;SL002C407X000BRT;62.47;249.88;3.12;5.12;5.64;6.27;7.04;6.11;200.42000000000002
;SOLO 2 FILEIRAS 15 GRAUS REGIAO 2 ;Monoposte;2;15;2;1303;80;56;SL002C350X000BRT;53.72;3008.39;37.6;61.65;67.93;75.48;84.74;73.61;200.42000000000002
;SOLO 2 FILEIRAS 15 GRAUS REGIAO 2 ;Monoposte;2;15;2;1303;80;56;EFSALJUNCAO400;3.91;218.78;2.73;4.48;4.94;5.49;6.16;5.35;200.42000000000002
;SOLO 2 FILEIRAS 15 GRAUS REGIAO 2 ;Monoposte;2;15;2;1303;80;22;EFSALCONTVENT285;9.16;201.51;2.52;4.13;4.55;5.06;5.68;4.93;200.42000000000002
;SOLO 2 FILEIRAS 15 GRAUS REGIAO 2 ;Monoposte;2;15;2;1303;80;156;PSGRAMPINTSMART2;0.7;109.51;1.37;2.24;2.47;2.75;3.08;2.68;200.42000000000002
;SOLO 2 FILEIRAS 15 GRAUS REGIAO 2 ;Monoposte;2;15;2;1303;80;8;SOLOGRAMPTERM1;1.25;10.02;0.13;0.21;0.23;0.25;0.28;0.25;200.42000000000002
SOLO 2 FILEIRAS 15 GRAUS REGIAO 3 1134;SOLO 2 FILEIRAS 15 GRAUS REGIAO 3 ;Monoposte;2;15;3;1134;80;7;PTM15BIPOSTE01;225.48;1578.35;19.73;32.34;35.64;39.6;44.46;38.62;167.17999999999998
;SOLO 2 FILEIRAS 15 GRAUS REGIAO 3 ;Monoposte;2;15;3;1134;80;11;PTM15MONO01;227.06;2497.63;31.22;51.18;56.4;62.66;70.35;61.11;167.17999999999998
;SOLO 2 FILEIRAS 15 GRAUS REGIAO 3 ;Monoposte;2;15;3;1134;80;4;SL002C200X000BRT;30.7;122.79;1.53;2.52;2.77;3.08;3.46;3.0;167.17999999999998
;SOLO 2 FILEIRAS 15 GRAUS REGIAO 3 ;Monoposte;2;15;3;1134;80;44;SL002C407X000BRT;62.47;2748.69;34.36;56.33;62.07;68.96;77.42;67.25;167.17999999999998
;SOLO 2 FILEIRAS 15 GRAUS REGIAO 3 ;Monoposte;2;15;3;1134;80;44;EFSALJUNCAO400;3.91;171.9;2.15;3.52;3.88;4.31;4.84;4.21;167.17999999999998
;SOLO 2 FILEIRAS 15 GRAUS REGIAO 3 ;Monoposte;2;15;3;1134;80;18;EFSALCONTVENT285;9.16;164.87;2.06;3.38;3.72;4.14;4.64;4.03;167.17999999999998
;SOLO 2 FILEIRAS 15 GRAUS REGIAO 3 ;Monoposte;2;15;3;1134;80;156;PSGRAMPINTSMART2;0.7;109.51;1.37;2.24;2.47;2.75;3.08;2.68;167.17999999999998
;SOLO 2 FILEIRAS 15 GRAUS REGIAO 3 ;Monoposte;2;15;3;1134;80;8;SOLOGRAMPTERM1;1.25;10.02;0.13;0.21;0.23;0.25;0.28;0.25;167.17999999999998
SOLO 2 FILEIRAS 15 GRAUS REGIAO 3 1303;SOLO 2 FILEIRAS 15 GRAUS REGIAO 3 ;Monoposte;2;15;3;1303;80;8;PTM15BIPOSTE02;229.39;1835.12;22.94;37.6;41.44;46.04;51.69;44.9;202.85
;SOLO 2 FILEIRAS 15 GRAUS REGIAO 3 ;Monoposte;2;15;3;1303;80;14;PTM15MONO02;231.77;3244.84;40.56;66.49;73.27;81.41;91.4;79.39;202.85
;SOLO 2 FILEIRAS 15 GRAUS REGIAO 3 ;Monoposte;2;15;3;1303;80;4;SL002C407X000BRT;62.47;249.88;3.12;5.12;5.64;6.27;7.04;6.11;202.85
;SOLO 2 FILEIRAS 15 GRAUS REGIAO 3 ;Monoposte;2;15;3;1303;80;56;SL002C350X000BRT;53.72;3008.39;37.6;61.65;67.93;75.48;84.74;73.61;202.85
;SOLO 2 FILEIRAS 15 GRAUS REGIAO 3 ;Monoposte;2;15;3;1303;80;56;EFSALJUNCAO400;3.91;218.78;2.73;4.48;4.94;5.49;6.16;5.35;202.85
;SOLO 2 FILEIRAS 15 GRAUS REGIAO 3 ;Monoposte;2;15;3;1303;80;22;EFSALCONTVENT270;13.95;306.87;3.84;6.29;6.93;7.7;8.64;7.51;202.85
;SOLO 2 FILEIRAS 15 GRAUS REGIAO 3 ;Monoposte;2;15;3;1303;80;156;PSGRAMPINTSMART2;0.7;109.51;1.37;2.24;2.47;2.75;3.08;2.68;202.85
;SOLO 2 FILEIRAS 15 GRAUS REGIAO 3 ;Monoposte;2;15;3;1303;80;8;SOLOGRAMPTERM1;1.25;10.02;0.13;0.21;0.23;0.25;0.28;0.25;202.85
SOLO 2 FILEIRAS 20 GRAUS REGIAO 2 1134;SOLO 2 FILEIRAS 20 GRAUS REGIAO 2 ;Monoposte;2;20;2;1134;80;7;PTM20BIPOSTE01;232.59;1628.1;20.35;33.36;36.76;40.85;45.86;39.84;169.92
;SOLO 2 FILEIRAS 20 GRAUS REGIAO 2 ;Monoposte;2;20;2;1134;80;11;PTM20MONO01;233.59;2569.47;32.12;52.65;58.02;64.47;72.38;62.87;169.92
;SOLO 2 FILEIRAS 20 GRAUS REGIAO 2 ;Monoposte;2;20;2;1134;80;4;SL002C200X000BRT;30.7;122.79;1.53;2.52;2.77;3.08;3.46;3.0;169.92
;SOLO 2 FILEIRAS 20 GRAUS REGIAO 2 ;Monoposte;2;20;2;1134;80;44;SL002C407X000BRT;62.47;2748.69;34.36;56.33;62.07;68.96;77.42;67.25;169.92
;SOLO 2 FILEIRAS 20 GRAUS REGIAO 2 ;Monoposte;2;20;2;1134;80;44;EFSALJUNCAO400;3.91;171.9;2.15;3.52;3.88;4.31;4.84;4.21;169.92
;SOLO 2 FILEIRAS 20 GRAUS REGIAO 2 ;Monoposte;2;20;2;1134;80;18;EFSALCONTVENT285;9.16;164.87;2.06;3.38;3.72;4.14;4.64;4.03;169.92
;SOLO 2 FILEIRAS 20 GRAUS REGIAO 2 ;Monoposte;2;20;2;1134;80;156;PSGRAMPINTSMART2;0.7;109.51;1.37;2.24;2.47;2.75;3.08;2.68;169.92
;SOLO 2 FILEIRAS 20 GRAUS REGIAO 2 ;Monoposte;2;20;2;1134;80;8;SOLOGRAMPTERM1;1.25;10.02;0.13;0.21;0.23;0.25;0.28;0.25;169.92
SOLO 2 FILEIRAS 20 GRAUS REGIAO 2 1303;SOLO 2 FILEIRAS 20 GRAUS REGIAO 2 ;Monoposte;2;20;2;1303;80;8;PTM20BIPOSTE02;236.27;1890.13;23.63;38.73;42.68;47.42;53.24;46.25;206.14999999999998
;SOLO 2 FILEIRAS 20 GRAUS REGIAO 2 ;Monoposte;2;20;2;1303;80;14;PTM20MONO02;238.31;3336.27;41.7;68.37;75.33;83.71;93.97;81.63;206.14999999999998
;SOLO 2 FILEIRAS 20 GRAUS REGIAO 2 ;Monoposte;2;20;2;1303;80;4;SL002C407X000BRT;62.47;249.88;3.12;5.12;5.64;6.27;7.04;6.11;206.14999999999998
;SOLO 2 FILEIRAS 20 GRAUS REGIAO 2 ;Monoposte;2;20;2;1303;80;56;SL002C350X000BRT;53.72;3008.39;37.6;61.65;67.93;75.48;84.74;73.61;206.14999999999998
;SOLO 2 FILEIRAS 20 GRAUS REGIAO 2 ;Monoposte;2;20;2;1303;80;56;EFSALJUNCAO400;3.91;218.78;2.73;4.48;4.94;5.49;6.16;5.35;206.14999999999998
;SOLO 2 FILEIRAS 20 GRAUS REGIAO 2 ;Monoposte;2;20;2;1303;80;22;EFSALCONTVENT270;13.95;306.87;3.84;6.29;6.93;7.7;8.64;7.51;206.14999999999998
;SOLO 2 FILEIRAS 20 GRAUS REGIAO 2 ;Monoposte;2;20;2;1303;80;156;PSGRAMPINTSMART2;0.7;109.51;1.37;2.24;2.47;2.75;3.08;2.68;206.14999999999998
;SOLO 2 FILEIRAS 20 GRAUS REGIAO 2 ;Monoposte;2;20;2;1303;80;8;SOLOGRAMPTERM1;1.25;10.02;0.13;0.21;0.23;0.25;0.28;0.25;206.14999999999998
SOLO 2 FILEIRAS 20 GRAUS REGIAO 3 1134;SOLO 2 FILEIRAS 20 GRAUS REGIAO 3 ;Monoposte;2;20;3;1134;80;8;PTM20BIPOSTE01;232.59;1860.68;23.26;38.13;42.02;46.68;52.41;45.53;182.76999999999998
;SOLO 2 FILEIRAS 20 GRAUS REGIAO 3 ;Monoposte;2;20;3;1134;80;12;PTM20MONO01;233.59;2803.06;35.04;57.44;63.29;70.33;78.95;68.58;182.76999999999998
;SOLO 2 FILEIRAS 20 GRAUS REGIAO 3 ;Monoposte;2;20;3;1134;80;4;SL002C200X000BRT;30.7;122.79;1.53;2.52;2.77;3.08;3.46;3.0;182.76999999999998
;SOLO 2 FILEIRAS 20 GRAUS REGIAO 3 ;Monoposte;2;20;3;1134;80;44;SL002C407X000BRT;62.47;2748.69;34.36;56.33;62.07;68.96;77.42;67.25;182.76999999999998
;SOLO 2 FILEIRAS 20 GRAUS REGIAO 3 ;Monoposte;2;20;3;1134;80;44;EFSALJUNCAO400;3.91;171.9;2.15;3.52;3.88;4.31;4.84;4.21;182.76999999999998
;SOLO 2 FILEIRAS 20 GRAUS REGIAO 3 ;Monoposte;2;20;3;1134;80;20;EFSALCONTVENT265;13.36;267.28;3.34;5.48;6.04;6.71;7.53;6.54;182.76999999999998
;SOLO 2 FILEIRAS 20 GRAUS REGIAO 3 ;Monoposte;2;20;3;1134;80;156;PSGRAMPINTSMART2;0.7;109.51;1.37;2.24;2.47;2.75;3.08;2.68;182.76999999999998
;SOLO 2 FILEIRAS 20 GRAUS REGIAO 3 ;Monoposte;2;20;3;1134;80;8;SOLOGRAMPTERM1;1.25;10.02;0.13;0.21;0.23;0.25;0.28;0.25;182.76999999999998
SOLO 2 FILEIRAS 20 GRAUS REGIAO 3 1303;SOLO 2 FILEIRAS 20 GRAUS REGIAO 3 ;Monoposte;2;20;3;1303;80;9;PTM20BIPOSTE02;236.27;2126.39;26.58;43.57;48.02;53.35;59.9;52.03;211.19999999999996
;SOLO 2 FILEIRAS 20 GRAUS REGIAO 3 ;Monoposte;2;20;3;1303;80;14;PTM20MONO02;238.31;3336.27;41.7;68.37;75.33;83.71;93.97;81.63;211.19999999999996
;SOLO 2 FILEIRAS 20 GRAUS REGIAO 3 ;Monoposte;2;20;3;1303;80;4;SL002C407X000BRT;62.47;249.88;3.12;5.12;5.64;6.27;7.04;6.11;211.19999999999996
;SOLO 2 FILEIRAS 20 GRAUS REGIAO 3 ;Monoposte;2;20;3;1303;80;56;SL002C350X000BRT;53.72;3008.39;37.6;61.65;67.93;75.48;84.74;73.61;211.19999999999996
;SOLO 2 FILEIRAS 20 GRAUS REGIAO 3 ;Monoposte;2;20;3;1303;80;56;EFSALJUNCAO400;3.91;218.78;2.73;4.48;4.94;5.49;6.16;5.35;211.19999999999996
;SOLO 2 FILEIRAS 20 GRAUS REGIAO 3 ;Monoposte;2;20;3;1303;80;22;EFSALCONTVENT265;13.36;294.01;3.68;6.02;6.64;7.38;8.28;7.19;211.19999999999996
;SOLO 2 FILEIRAS 20 GRAUS REGIAO 3 ;Monoposte;2;20;3;1303;80;156;PSGRAMPINTSMART2;0.7;109.51;1.37;2.24;2.47;2.75;3.08;2.68;211.19999999999996
;SOLO 2 FILEIRAS 20 GRAUS REGIAO 3 ;Monoposte;2;20;3;1303;80;8;SOLOGRAMPTERM1;1.25;10.02;0.13;0.21;0.23;0.25;0.28;0.25;211.19999999999996
SOLO 2 FILEIRAS 20 GRAUS REGIAO 4 1134;SOLO 2 FILEIRAS 20 GRAUS REGIAO 4 ;Monoposte;2;20;4;1134;80;8;PTM20BIPOSTE01;232.59;1860.68;23.26;38.13;42.02;46.68;52.41;45.53;188.04999999999998
;SOLO 2 FILEIRAS 20 GRAUS REGIAO 4 ;Monoposte;2;20;4;1134;80;13;PTM20MONO01;233.59;3036.65;37.96;62.23;68.57;76.19;85.53;74.3;188.04999999999998
;SOLO 2 FILEIRAS 20 GRAUS REGIAO 4 ;Monoposte;2;20;4;1134;80;4;SL002C200X000BRT;30.7;122.79;1.53;2.52;2.77;3.08;3.46;3.0;188.04999999999998
;SOLO 2 FILEIRAS 20 GRAUS REGIAO 4 ;Monoposte;2;20;4;1134;80;44;SL002C407X000BRT;62.47;2748.69;34.36;56.33;62.07;68.96;77.42;67.25;188.04999999999998
;SOLO 2 FILEIRAS 20 GRAUS REGIAO 4 ;Monoposte;2;20;4;1134;80;44;EFSALJUNCAO400;3.91;171.9;2.15;3.52;3.88;4.31;4.84;4.21;188.04999999999998
;SOLO 2 FILEIRAS 20 GRAUS REGIAO 4 ;Monoposte;2;20;4;1134;80;20;EFSALCONTVENT265;13.36;267.28;3.34;5.48;6.04;6.71;7.53;6.54;188.04999999999998
;SOLO 2 FILEIRAS 20 GRAUS REGIAO 4 ;Monoposte;2;20;4;1134;80;156;PSGRAMPINTSMART2;0.7;109.51;1.37;2.24;2.47;2.75;3.08;2.68;188.04999999999998
;SOLO 2 FILEIRAS 20 GRAUS REGIAO 4 ;Monoposte;2;20;4;1134;80;8;SOLOGRAMPTERM1;1.25;10.02;0.13;0.21;0.23;0.25;0.28;0.25;188.04999999999998
SOLO 2 FILEIRAS 20 GRAUS REGIAO 4 1303;SOLO 2 FILEIRAS 20 GRAUS REGIAO 4 ;Monoposte;2;20;4;1303;80;10;PTM20BIPOSTE02;236.27;2362.66;29.53;48.42;53.35;59.28;66.55;57.81;228.32999999999996
;SOLO 2 FILEIRAS 20 GRAUS REGIAO 4 ;Monoposte;2;20;4;1303;80;16;PTM20MONO02;238.31;3812.88;47.66;78.13;86.1;95.66;107.4;93.29;228.32999999999996
;SOLO 2 FILEIRAS 20 GRAUS REGIAO 4 ;Monoposte;2;20;4;1303;80;4;SL002C407X000BRT;62.47;249.88;3.12;5.12;5.64;6.27;7.04;6.11;228.32999999999996
;SOLO 2 FILEIRAS 20 GRAUS REGIAO 4 ;Monoposte;2;20;4;1303;80;56;SL002C350X000BRT;53.72;3008.39;37.6;61.65;67.93;75.48;84.74;73.61;228.32999999999996
;SOLO 2 FILEIRAS 20 GRAUS REGIAO 4 ;Monoposte;2;20;4;1303;80;56;EFSALJUNCAO400;3.91;218.78;2.73;4.48;4.94;5.49;6.16;5.35;228.32999999999996
;SOLO 2 FILEIRAS 20 GRAUS REGIAO 4 ;Monoposte;2;20;4;1303;80;26;EFSALKITTRAV05;13.07;339.73;4.25;6.96;7.67;8.52;9.57;8.31;228.32999999999996
;SOLO 2 FILEIRAS 20 GRAUS REGIAO 4 ;Monoposte;2;20;4;1303;80;156;PSGRAMPINTSMART2;0.7;109.51;1.37;2.24;2.47;2.75;3.08;2.68;228.32999999999996
;SOLO 2 FILEIRAS 20 GRAUS REGIAO 4 ;Monoposte;2;20;4;1303;80;8;SOLOGRAMPTERM1;1.25;10.02;0.13;0.21;0.23;0.25;0.28;0.25;228.32999999999996
SOLO 2 FILEIRAS 25 GRAUS REGIAO 4 1134;SOLO 2 FILEIRAS 25 GRAUS REGIAO 4 ;Monoposte;2;25;4;1134;80;8;PTM25BIPOSTE01;239.21;1913.71;23.92;39.22;43.21;48.01;53.9;46.82;196.88
;SOLO 2 FILEIRAS 25 GRAUS REGIAO 4 ;Monoposte;2;25;4;1134;80;14;PTM25MONO01;239.64;3354.98;41.94;68.75;75.76;84.17;94.5;82.09;196.88
;SOLO 2 FILEIRAS 25 GRAUS REGIAO 4 ;Monoposte;2;25;4;1134;80;4;SL002C200X000BRT;30.7;122.79;1.53;2.52;2.77;3.08;3.46;3.0;196.88
;SOLO 2 FILEIRAS 25 GRAUS REGIAO 4 ;Monoposte;2;25;4;1134;80;44;SL002C407X000BRT;62.47;2748.69;34.36;56.33;62.07;68.96;77.42;67.25;196.88
;SOLO 2 FILEIRAS 25 GRAUS REGIAO 4 ;Monoposte;2;25;4;1134;80;44;EFSALJUNCAO400;3.91;171.9;2.15;3.52;3.88;4.31;4.84;4.21;196.88
;SOLO 2 FILEIRAS 25 GRAUS REGIAO 4 ;Monoposte;2;25;4;1134;80;22;EFSALKITTRAV05;13.07;287.47;3.59;5.89;6.49;7.21;8.1;7.03;196.88
;SOLO 2 FILEIRAS 25 GRAUS REGIAO 4 ;Monoposte;2;25;4;1134;80;156;PSGRAMPINTSMART2;0.7;109.51;1.37;2.24;2.47;2.75;3.08;2.68;196.88
;SOLO 2 FILEIRAS 25 GRAUS REGIAO 4 ;Monoposte;2;25;4;1134;80;8;SOLOGRAMPTERM1;1.25;10.02;0.13;0.21;0.23;0.25;0.28;0.25;196.88
SOLO 2 FILEIRAS 25 GRAUS REGIAO 4 1303;SOLO 2 FILEIRAS 25 GRAUS REGIAO 4 ;Monoposte;2;25;4;1303;80;11;PTM25BIPOSTE02;243.93;2683.24;33.54;54.98;60.59;67.32;75.58;65.65;249.37999999999997
;SOLO 2 FILEIRAS 25 GRAUS REGIAO 4 ;Monoposte;2;25;4;1303;80;18;PTM25MONO02;244.36;4398.45;54.98;90.13;99.32;110.35;123.89;107.62;249.37999999999997
;SOLO 2 FILEIRAS 25 GRAUS REGIAO 4 ;Monoposte;2;25;4;1303;80;4;SL002C407X000BRT;62.47;249.88;3.12;5.12;5.64;6.27;7.04;6.11;249.37999999999997
;SOLO 2 FILEIRAS 25 GRAUS REGIAO 4 ;Monoposte;2;25;4;1303;80;56;SL002C350X000BRT;53.72;3008.39;37.6;61.65;67.93;75.48;84.74;73.61;249.37999999999997
;SOLO 2 FILEIRAS 25 GRAUS REGIAO 4 ;Monoposte;2;25;4;1303;80;56;EFSALJUNCAO400;3.91;218.78;2.73;4.48;4.94;5.49;6.16;5.35;249.37999999999997
;SOLO 2 FILEIRAS 25 GRAUS REGIAO 4 ;Monoposte;2;25;4;1303;80;28;EFSALKITTRAV05;13.07;365.87;4.57;7.5;8.26;9.18;10.31;8.95;249.37999999999997
;SOLO 2 FILEIRAS 25 GRAUS REGIAO 4 ;Monoposte;2;25;4;1303;80;156;PSGRAMPINTSMART2;0.7;109.51;1.37;2.24;2.47;2.75;3.08;2.68;249.37999999999997
;SOLO 2 FILEIRAS 25 GRAUS REGIAO 4 ;Monoposte;2;25;4;1303;80;8;SOLOGRAMPTERM1;1.25;10.02;0.13;0.21;0.23;0.25;0.28;0.25;249.37999999999997
SOLO 2 FILEIRAS 25 GRAUS REGIAO 5 1134;SOLO 2 FILEIRAS 25 GRAUS REGIAO 5 ;Monoposte;2;25;5;1134;80;10;PTM25BIPOSTE01;239.21;2392.14;29.9;49.02;54.02;60.02;67.38;58.53;223.76
;SOLO 2 FILEIRAS 25 GRAUS REGIAO 5 ;Monoposte;2;25;5;1134;80;17;PTM25MONO01;239.64;4073.9;50.92;83.48;91.99;102.21;114.75;99.68;223.76
;SOLO 2 FILEIRAS 25 GRAUS REGIAO 5 ;Monoposte;2;25;5;1134;80;4;SL002C200X000BRT;30.7;122.79;1.53;2.52;2.77;3.08;3.46;3.0;223.76
;SOLO 2 FILEIRAS 25 GRAUS REGIAO 5 ;Monoposte;2;25;5;1134;80;44;SL002C407X000BRT;62.47;2748.69;34.36;56.33;62.07;68.96;77.42;67.25;223.76
;SOLO 2 FILEIRAS 25 GRAUS REGIAO 5 ;Monoposte;2;25;5;1134;80;44;EFSALJUNCAO400;3.91;171.9;2.15;3.52;3.88;4.31;4.84;4.21;223.76
;SOLO 2 FILEIRAS 25 GRAUS REGIAO 5 ;Monoposte;2;25;5;1134;80;26;EFSALCONTVENT200;10.78;280.15;3.5;5.74;6.33;7.03;7.89;6.85;223.76
;SOLO 2 FILEIRAS 25 GRAUS REGIAO 5 ;Monoposte;2;25;5;1134;80;156;PSGRAMPINTSMART2;0.7;109.51;1.37;2.24;2.47;2.75;3.08;2.68;223.76
;SOLO 2 FILEIRAS 25 GRAUS REGIAO 5 ;Monoposte;2;25;5;1134;80;8;SOLOGRAMPTERM1;1.25;10.02;0.13;0.21;0.23;0.25;0.28;0.25;223.76
SOLO 2 FILEIRAS 25 GRAUS REGIAO 5 1303;SOLO 2 FILEIRAS 25 GRAUS REGIAO 5 ;Monoposte;2;25;5;1303;80;12;PTM25BIPOSTE02;243.93;2927.17;36.59;59.98;66.1;73.44;82.45;71.62;264.96000000000004
;SOLO 2 FILEIRAS 25 GRAUS REGIAO 5 ;Monoposte;2;25;5;1303;80;20;PTM25MONO02;244.36;4887.17;61.09;100.15;110.35;122.62;137.66;119.58;264.96000000000004
;SOLO 2 FILEIRAS 25 GRAUS REGIAO 5 ;Monoposte;2;25;5;1303;80;4;SL002C407X000BRT;62.47;249.88;3.12;5.12;5.64;6.27;7.04;6.11;264.96000000000004
;SOLO 2 FILEIRAS 25 GRAUS REGIAO 5 ;Monoposte;2;25;5;1303;80;56;SL002C350X000BRT;53.72;3008.39;37.6;61.65;67.93;75.48;84.74;73.61;264.96000000000004
;SOLO 2 FILEIRAS 25 GRAUS REGIAO 5 ;Monoposte;2;25;5;1303;80;56;EFSALJUNCAO400;3.91;218.78;2.73;4.48;4.94;5.49;6.16;5.35;264.96000000000004
;SOLO 2 FILEIRAS 25 GRAUS REGIAO 5 ;Monoposte;2;25;5;1303;80;30;EFSALCONTVENT200;10.78;323.26;4.04;6.62;7.3;8.11;9.11;7.91;264.96000000000004
;SOLO 2 FILEIRAS 25 GRAUS REGIAO 5 ;Monoposte;2;25;5;1303;80;156;PSGRAMPINTSMART2;0.7;109.51;1.37;2.24;2.47;2.75;3.08;2.68;264.96000000000004
;SOLO 2 FILEIRAS 25 GRAUS REGIAO 5 ;Monoposte;2;25;5;1303;80;8;SOLOGRAMPTERM1;1.25;10.02;0.13;0.21;0.23;0.25;0.28;0.25;264.96000000000004
SOLO 2 FILEIRAS  BIPOSTE 10 GRAUS REGIAO 1 1134;SOLO 2 FILEIRAS BIPOSTE 10 GRAUS REGIAO 1 ;Biposte;2;10;1;1134;80;13;PTM10BIPOSTE01;218.85;2845.05;35.56;58.3;64.24;71.38;80.14;69.61;140.28999999999996
;SOLO 2 FILEIRAS BIPOSTE 10 GRAUS REGIAO 1 ;Biposte;2;10;1;1134;80;4;SL002C200X000BRT;30.7;122.79;1.53;2.52;2.77;3.08;3.46;3.0;140.28999999999996
;SOLO 2 FILEIRAS BIPOSTE 10 GRAUS REGIAO 1 ;Biposte;2;10;1;1134;80;44;SL002C407X000BRT;62.47;2748.69;34.36;56.33;62.07;68.96;77.42;67.25;140.28999999999996
;SOLO 2 FILEIRAS BIPOSTE 10 GRAUS REGIAO 1 ;Biposte;2;10;1;1134;80;44;EFSALJUNCAO400;3.91;171.9;2.15;3.52;3.88;4.31;4.84;4.21;140.28999999999996
;SOLO 2 FILEIRAS BIPOSTE 10 GRAUS REGIAO 1 ;Biposte;2;10;1;1134;80;12;EFSALKITTRAV02;17.07;204.84;2.56;4.2;4.63;5.14;5.77;5.01;140.28999999999996
;SOLO 2 FILEIRAS BIPOSTE 10 GRAUS REGIAO 1 ;Biposte;2;10;1;1134;80;156;PSGRAMPINTSMART2;0.7;109.51;1.37;2.24;2.47;2.75;3.08;2.68;140.28999999999996
;SOLO 2 FILEIRAS BIPOSTE 10 GRAUS REGIAO 1 ;Biposte;2;10;1;1134;80;8;SOLOGRAMPTERM1;1.25;10.02;0.13;0.21;0.23;0.25;0.28;0.25;140.28999999999996
SOLO 2 FILEIRAS BIPOSTE 10 GRAUS REGIAO 1 1303;SOLO 2 FILEIRAS BIPOSTE 10 GRAUS REGIAO 1 ;Biposte;2;10;1;1303;80;16;PTM10BIPOSTE02;222.53;3560.49;44.51;72.96;80.4;89.33;100.29;87.12;167.78
;SOLO 2 FILEIRAS BIPOSTE 10 GRAUS REGIAO 1 ;Biposte;2;10;1;1303;80;4;SL002C407X000BRT;62.47;249.88;3.12;5.12;5.64;6.27;7.04;6.11;167.78
;SOLO 2 FILEIRAS BIPOSTE 10 GRAUS REGIAO 1 ;Biposte;2;10;1;1303;80;56;SL002C350X000BRT;53.72;3008.39;37.6;61.65;67.93;75.48;84.74;73.61;167.78
;SOLO 2 FILEIRAS BIPOSTE 10 GRAUS REGIAO 1 ;Biposte;2;10;1;1303;80;56;EFSALJUNCAO400;3.91;218.78;2.73;4.48;4.94;5.49;6.16;5.35;167.78
;SOLO 2 FILEIRAS BIPOSTE 10 GRAUS REGIAO 1 ;Biposte;2;10;1;1303;80;16;EFSALKITTRAV02;17.07;273.12;3.41;5.6;6.17;6.85;7.69;6.68;167.78
;SOLO 2 FILEIRAS BIPOSTE 10 GRAUS REGIAO 1 ;Biposte;2;10;1;1303;80;156;PSGRAMPINTSMART2;0.7;109.51;1.37;2.24;2.47;2.75;3.08;2.68;167.78
;SOLO 2 FILEIRAS BIPOSTE 10 GRAUS REGIAO 1 ;Biposte;2;10;1;1303;80;8;SOLOGRAMPTERM1;1.25;10.02;0.13;0.21;0.23;0.25;0.28;0.25;167.78
SOLO 2 FILEIRAS  BIPOSTE 15 GRAUS REGIAO 1 1134;SOLO 2 FILEIRAS BIPOSTE 15 GRAUS REGIAO 1 ;Biposte;2;15;1;1134;80;14;PTM15BIPOSTE01;225.48;3156.7;39.46;64.69;71.28;79.2;88.92;77.24;148.1
;SOLO 2 FILEIRAS BIPOSTE 15 GRAUS REGIAO 1 ;Biposte;2;15;1;1134;80;4;SL002C200X000BRT;30.7;122.79;1.53;2.52;2.77;3.08;3.46;3.0;148.1
;SOLO 2 FILEIRAS BIPOSTE 15 GRAUS REGIAO 1 ;Biposte;2;15;1;1134;80;44;SL002C407X000BRT;62.47;2748.69;34.36;56.33;62.07;68.96;77.42;67.25;148.1
;SOLO 2 FILEIRAS BIPOSTE 15 GRAUS REGIAO 1 ;Biposte;2;15;1;1134;80;44;EFSALJUNCAO400;3.91;171.9;2.15;3.52;3.88;4.31;4.84;4.21;148.1
;SOLO 2 FILEIRAS BIPOSTE 15 GRAUS REGIAO 1 ;Biposte;2;15;1;1134;80;14;EFSALKITTRAV02;17.07;238.98;2.99;4.9;5.4;6.0;6.73;5.85;148.1
;SOLO 2 FILEIRAS BIPOSTE 15 GRAUS REGIAO 1 ;Biposte;2;15;1;1134;80;156;PSGRAMPINTSMART2;0.7;109.51;1.37;2.24;2.47;2.75;3.08;2.68;148.1
;SOLO 2 FILEIRAS BIPOSTE 15 GRAUS REGIAO 1 ;Biposte;2;15;1;1134;80;8;SOLOGRAMPTERM1;1.25;10.02;0.13;0.21;0.23;0.25;0.28;0.25;148.1
SOLO 2 FILEIRAS BIPOSTE 15 GRAUS REGIAO 1 1303;SOLO 2 FILEIRAS BIPOSTE 15 GRAUS REGIAO 1 ;Biposte;2;15;1;1303;80;18;PTM15BIPOSTE02;229.39;4129.01;51.61;84.61;93.24;103.59;116.3;101.03;180.39
;SOLO 2 FILEIRAS BIPOSTE 15 GRAUS REGIAO 1 ;Biposte;2;15;1;1303;80;4;SL002C407X000BRT;62.47;249.88;3.12;5.12;5.64;6.27;7.04;6.11;180.39
;SOLO 2 FILEIRAS BIPOSTE 15 GRAUS REGIAO 1 ;Biposte;2;15;1;1303;80;56;SL002C350X000BRT;53.72;3008.39;37.6;61.65;67.93;75.48;84.74;73.61;180.39
;SOLO 2 FILEIRAS BIPOSTE 15 GRAUS REGIAO 1 ;Biposte;2;15;1;1303;80;56;EFSALJUNCAO400;3.91;218.78;2.73;4.48;4.94;5.49;6.16;5.35;180.39
;SOLO 2 FILEIRAS BIPOSTE 15 GRAUS REGIAO 1 ;Biposte;2;15;1;1303;80;16;EFSALKITTRAV03;16.44;263.02;3.29;5.39;5.94;6.6;7.41;6.44;180.39
;SOLO 2 FILEIRAS BIPOSTE 15 GRAUS REGIAO 1 ;Biposte;2;15;1;1303;80;156;PSGRAMPINTSMART2;0.7;109.51;1.37;2.24;2.47;2.75;3.08;2.68;180.39
;SOLO 2 FILEIRAS BIPOSTE 15 GRAUS REGIAO 1 ;Biposte;2;15;1;1303;80;8;SOLOGRAMPTERM1;1.25;10.02;0.13;0.21;0.23;0.25;0.28;0.25;180.39
SOLO 2 FILEIRAS  BIPOSTE 15 GRAUS REGIAO 2 1134;SOLO 2 FILEIRAS BIPOSTE 15 GRAUS REGIAO 2 ;Biposte;2;15;2;1134;80;16;PTM15BIPOSTE01;225.48;3607.66;45.1;73.93;81.46;90.51;101.62;88.27;158.58999999999997
;SOLO 2 FILEIRAS BIPOSTE 15 GRAUS REGIAO 2 ;Biposte;2;15;2;1134;80;4;SL002C200X000BRT;30.7;122.79;1.53;2.52;2.77;3.08;3.46;3.0;158.58999999999997
;SOLO 2 FILEIRAS BIPOSTE 15 GRAUS REGIAO 2 ;Biposte;2;15;2;1134;80;44;SL002C407X000BRT;62.47;2748.69;34.36;56.33;62.07;68.96;77.42;67.25;158.58999999999997
;SOLO 2 FILEIRAS BIPOSTE 15 GRAUS REGIAO 2 ;Biposte;2;15;2;1134;80;44;EFSALJUNCAO400;3.91;171.9;2.15;3.52;3.88;4.31;4.84;4.21;158.58999999999997
;SOLO 2 FILEIRAS BIPOSTE 15 GRAUS REGIAO 2 ;Biposte;2;15;2;1134;80;16;EFSALKITTRAV04;15.82;253.06;3.16;5.19;5.71;6.35;7.13;6.19;158.58999999999997
;SOLO 2 FILEIRAS BIPOSTE 15 GRAUS REGIAO 2 ;Biposte;2;15;2;1134;80;156;PSGRAMPINTSMART2;0.7;109.51;1.37;2.24;2.47;2.75;3.08;2.68;158.58999999999997
;SOLO 2 FILEIRAS BIPOSTE 15 GRAUS REGIAO 2 ;Biposte;2;15;2;1134;80;8;SOLOGRAMPTERM1;1.25;10.02;0.13;0.21;0.23;0.25;0.28;0.25;158.58999999999997
SOLO 2 FILEIRAS BIPOSTE 15 GRAUS REGIAO 2 1303;SOLO 2 FILEIRAS BIPOSTE 15 GRAUS REGIAO 2 ;Biposte;2;15;2;1303;80;19;PTM15BIPOSTE02;229.39;4358.4;54.48;89.31;98.41;109.35;122.77;106.64;185.62
;SOLO 2 FILEIRAS BIPOSTE 15 GRAUS REGIAO 2 ;Biposte;2;15;2;1303;80;4;SL002C407X000BRT;62.47;249.88;3.12;5.12;5.64;6.27;7.04;6.11;185.62
;SOLO 2 FILEIRAS BIPOSTE 15 GRAUS REGIAO 2 ;Biposte;2;15;2;1303;80;56;SL002C350X000BRT;53.72;3008.39;37.6;61.65;67.93;75.48;84.74;73.61;185.62
;SOLO 2 FILEIRAS BIPOSTE 15 GRAUS REGIAO 2 ;Biposte;2;15;2;1303;80;56;EFSALJUNCAO400;3.91;218.78;2.73;4.48;4.94;5.49;6.16;5.35;185.62
;SOLO 2 FILEIRAS BIPOSTE 15 GRAUS REGIAO 2 ;Biposte;2;15;2;1303;80;18;EFSALCONTVENT310;14.76;265.76;3.32;5.45;6.0;6.67;7.49;6.5;185.62
;SOLO 2 FILEIRAS BIPOSTE 15 GRAUS REGIAO 2 ;Biposte;2;15;2;1303;80;156;PSGRAMPINTSMART2;0.7;109.51;1.37;2.24;2.47;2.75;3.08;2.68;185.62
;SOLO 2 FILEIRAS BIPOSTE 15 GRAUS REGIAO 2 ;Biposte;2;15;2;1303;80;8;SOLOGRAMPTERM1;1.25;10.02;0.13;0.21;0.23;0.25;0.28;0.25;185.62
SOLO 2 FILEIRAS  BIPOSTE 15 GRAUS REGIAO 3 1134;SOLO 2 FILEIRAS BIPOSTE 15 GRAUS REGIAO 3 ;Biposte;2;15;3;1134;80;18;PTM15BIPOSTE01;225.48;4058.61;50.73;83.17;91.65;101.83;114.32;99.31;168.98999999999998
;SOLO 2 FILEIRAS BIPOSTE 15 GRAUS REGIAO 3 ;Biposte;2;15;3;1134;80;4;SL002C200X000BRT;30.7;122.79;1.53;2.52;2.77;3.08;3.46;3.0;168.98999999999998
;SOLO 2 FILEIRAS BIPOSTE 15 GRAUS REGIAO 3 ;Biposte;2;15;3;1134;80;44;SL002C407X000BRT;62.47;2748.69;34.36;56.33;62.07;68.96;77.42;67.25;168.98999999999998
;SOLO 2 FILEIRAS BIPOSTE 15 GRAUS REGIAO 3 ;Biposte;2;15;3;1134;80;44;EFSALJUNCAO400;3.91;171.9;2.15;3.52;3.88;4.31;4.84;4.21;168.98999999999998
;SOLO 2 FILEIRAS BIPOSTE 15 GRAUS REGIAO 3 ;Biposte;2;15;3;1134;80;18;EFSALCONTVENT290;14.57;262.28;3.28;5.37;5.92;6.58;7.39;6.42;168.98999999999998
;SOLO 2 FILEIRAS BIPOSTE 15 GRAUS REGIAO 3 ;Biposte;2;15;3;1134;80;156;PSGRAMPINTSMART2;0.7;109.51;1.37;2.24;2.47;2.75;3.08;2.68;168.98999999999998
;SOLO 2 FILEIRAS BIPOSTE 15 GRAUS REGIAO 3 ;Biposte;2;15;3;1134;80;8;SOLOGRAMPTERM1;1.25;10.02;0.13;0.21;0.23;0.25;0.28;0.25;168.98999999999998
SOLO 2 FILEIRAS BIPOSTE 15 GRAUS REGIAO 3 1303;SOLO 2 FILEIRAS BIPOSTE 15 GRAUS REGIAO 3 ;Biposte;2;15;3;1303;80;22;PTM15BIPOSTE02;229.39;5046.57;63.08;103.41;113.95;126.62;142.15;123.48;202.09
;SOLO 2 FILEIRAS BIPOSTE 15 GRAUS REGIAO 3 ;Biposte;2;15;3;1303;80;4;SL002C407X000BRT;62.47;249.88;3.12;5.12;5.64;6.27;7.04;6.11;202.09
;SOLO 2 FILEIRAS BIPOSTE 15 GRAUS REGIAO 3 ;Biposte;2;15;3;1303;80;56;SL002C350X000BRT;53.72;3008.39;37.6;61.65;67.93;75.48;84.74;73.61;202.09
;SOLO 2 FILEIRAS BIPOSTE 15 GRAUS REGIAO 3 ;Biposte;2;15;3;1303;80;56;EFSALJUNCAO400;3.91;218.78;2.73;4.48;4.94;5.49;6.16;5.35;202.09
;SOLO 2 FILEIRAS BIPOSTE 15 GRAUS REGIAO 3 ;Biposte;2;15;3;1303;80;22;EFSALCONTVENT270;13.95;306.87;3.84;6.29;6.93;7.7;8.64;7.51;202.09
;SOLO 2 FILEIRAS BIPOSTE 15 GRAUS REGIAO 3 ;Biposte;2;15;3;1303;80;156;PSGRAMPINTSMART2;0.7;109.51;1.37;2.24;2.47;2.75;3.08;2.68;202.09
;SOLO 2 FILEIRAS BIPOSTE 15 GRAUS REGIAO 3 ;Biposte;2;15;3;1303;80;8;SOLOGRAMPTERM1;1.25;10.02;0.13;0.21;0.23;0.25;0.28;0.25;202.09
SOLO 2 FILEIRAS  BIPOSTE 20 GRAUS REGIAO 2 1134;SOLO 2 FILEIRAS BIPOSTE 20 GRAUS REGIAO 2 ;Biposte;2;20;2;1134;80;18;PTM20BIPOSTE01;232.59;4186.53;52.33;85.79;94.53;105.04;117.92;102.44;171.86999999999998
;SOLO 2 FILEIRAS BIPOSTE 20 GRAUS REGIAO 2 ;Biposte;2;20;2;1134;80;4;SL002C200X000BRT;30.7;122.79;1.53;2.52;2.77;3.08;3.46;3.0;171.86999999999998
;SOLO 2 FILEIRAS BIPOSTE 20 GRAUS REGIAO 2 ;Biposte;2;20;2;1134;80;44;SL002C407X000BRT;62.47;2748.69;34.36;56.33;62.07;68.96;77.42;67.25;171.86999999999998
;SOLO 2 FILEIRAS BIPOSTE 20 GRAUS REGIAO 2 ;Biposte;2;20;2;1134;80;44;EFSALJUNCAO400;3.91;171.9;2.15;3.52;3.88;4.31;4.84;4.21;171.86999999999998
;SOLO 2 FILEIRAS BIPOSTE 20 GRAUS REGIAO 2 ;Biposte;2;20;2;1134;80;18;EFSALCONTVENT290;14.57;262.28;3.28;5.37;5.92;6.58;7.39;6.42;171.86999999999998
;SOLO 2 FILEIRAS BIPOSTE 20 GRAUS REGIAO 2 ;Biposte;2;20;2;1134;80;156;PSGRAMPINTSMART2;0.7;109.51;1.37;2.24;2.47;2.75;3.08;2.68;171.86999999999998
;SOLO 2 FILEIRAS BIPOSTE 20 GRAUS REGIAO 2 ;Biposte;2;20;2;1134;80;8;SOLOGRAMPTERM1;1.25;10.02;0.13;0.21;0.23;0.25;0.28;0.25;171.86999999999998
SOLO 2 FILEIRAS BIPOSTE 20 GRAUS REGIAO 2 1303;SOLO 2 FILEIRAS BIPOSTE 20 GRAUS REGIAO 2 ;Biposte;2;20;2;1303;80;22;PTM20BIPOSTE02;236.27;5197.85;64.97;106.51;117.37;130.41;146.41;127.18;205.51
;SOLO 2 FILEIRAS BIPOSTE 20 GRAUS REGIAO 2 ;Biposte;2;20;2;1303;80;4;SL002C407X000BRT;62.47;249.88;3.12;5.12;5.64;6.27;7.04;6.11;205.51
;SOLO 2 FILEIRAS BIPOSTE 20 GRAUS REGIAO 2 ;Biposte;2;20;2;1303;80;56;SL002C350X000BRT;53.72;3008.39;37.6;61.65;67.93;75.48;84.74;73.61;205.51
;SOLO 2 FILEIRAS BIPOSTE 20 GRAUS REGIAO 2 ;Biposte;2;20;2;1303;80;56;EFSALJUNCAO400;3.91;218.78;2.73;4.48;4.94;5.49;6.16;5.35;205.51
;SOLO 2 FILEIRAS BIPOSTE 20 GRAUS REGIAO 2 ;Biposte;2;20;2;1303;80;22;EFSALCONTVENT270;13.95;306.87;3.84;6.29;6.93;7.7;8.64;7.51;205.51
;SOLO 2 FILEIRAS BIPOSTE 20 GRAUS REGIAO 2 ;Biposte;2;20;2;1303;80;156;PSGRAMPINTSMART2;0.7;109.51;1.37;2.24;2.47;2.75;3.08;2.68;205.51
;SOLO 2 FILEIRAS BIPOSTE 20 GRAUS REGIAO 2 ;Biposte;2;20;2;1303;80;8;SOLOGRAMPTERM1;1.25;10.02;0.13;0.21;0.23;0.25;0.28;0.25;205.51
SOLO 2 FILEIRAS  BIPOSTE 20 GRAUS REGIAO 3 1134;SOLO 2 FILEIRAS BIPOSTE 20 GRAUS REGIAO 3 ;Biposte;2;20;3;1134;80;20;PTM20BIPOSTE01;232.59;4651.7;58.15;95.32;105.04;116.71;131.03;113.82;182.76
;SOLO 2 FILEIRAS BIPOSTE 20 GRAUS REGIAO 3 ;Biposte;2;20;3;1134;80;4;SL002C200X000BRT;30.7;122.79;1.53;2.52;2.77;3.08;3.46;3.0;182.76
;SOLO 2 FILEIRAS BIPOSTE 20 GRAUS REGIAO 3 ;Biposte;2;20;3;1134;80;44;SL002C407X000BRT;62.47;2748.69;34.36;56.33;62.07;68.96;77.42;67.25;182.76
;SOLO 2 FILEIRAS BIPOSTE 20 GRAUS REGIAO 3 ;Biposte;2;20;3;1134;80;44;EFSALJUNCAO400;3.91;171.9;2.15;3.52;3.88;4.31;4.84;4.21;182.76
;SOLO 2 FILEIRAS BIPOSTE 20 GRAUS REGIAO 3 ;Biposte;2;20;3;1134;80;20;EFSALCONTVENT270;13.95;278.97;3.49;5.72;6.3;7.0;7.86;6.83;182.76
;SOLO 2 FILEIRAS BIPOSTE 20 GRAUS REGIAO 3 ;Biposte;2;20;3;1134;80;156;PSGRAMPINTSMART2;0.7;109.51;1.37;2.24;2.47;2.75;3.08;2.68;182.76
;SOLO 2 FILEIRAS BIPOSTE 20 GRAUS REGIAO 3 ;Biposte;2;20;3;1134;80;8;SOLOGRAMPTERM1;1.25;10.02;0.13;0.21;0.23;0.25;0.28;0.25;182.76
SOLO 2 FILEIRAS BIPOSTE 20 GRAUS REGIAO 3 1303;SOLO 2 FILEIRAS BIPOSTE 20 GRAUS REGIAO 3 ;Biposte;2;20;3;1303;80;23;PTM20BIPOSTE02;236.27;5434.12;67.93;111.35;122.71;136.34;153.07;132.96;210.85
;SOLO 2 FILEIRAS BIPOSTE 20 GRAUS REGIAO 3 ;Biposte;2;20;3;1303;80;4;SL002C407X000BRT;62.47;249.88;3.12;5.12;5.64;6.27;7.04;6.11;210.85
;SOLO 2 FILEIRAS BIPOSTE 20 GRAUS REGIAO 3 ;Biposte;2;20;3;1303;80;56;SL002C350X000BRT;53.72;3008.39;37.6;61.65;67.93;75.48;84.74;73.61;210.85
;SOLO 2 FILEIRAS BIPOSTE 20 GRAUS REGIAO 3 ;Biposte;2;20;3;1303;80;56;EFSALJUNCAO400;3.91;218.78;2.73;4.48;4.94;5.49;6.16;5.35;210.85
;SOLO 2 FILEIRAS BIPOSTE 20 GRAUS REGIAO 3 ;Biposte;2;20;3;1303;80;22;EFSALCONTVENT270;13.95;306.87;3.84;6.29;6.93;7.7;8.64;7.51;210.85
;SOLO 2 FILEIRAS BIPOSTE 20 GRAUS REGIAO 3 ;Biposte;2;20;3;1303;80;156;PSGRAMPINTSMART2;0.7;109.51;1.37;2.24;2.47;2.75;3.08;2.68;210.85
;SOLO 2 FILEIRAS BIPOSTE 20 GRAUS REGIAO 3 ;Biposte;2;20;3;1303;80;8;SOLOGRAMPTERM1;1.25;10.02;0.13;0.21;0.23;0.25;0.28;0.25;210.85
SOLO 2 FILEIRAS  BIPOSTE 20 GRAUS REGIAO 4 1134;SOLO 2 FILEIRAS BIPOSTE 20 GRAUS REGIAO 4 ;Biposte;2;20;4;1134;80;23;PTM20BIPOSTE01;232.59;5349.46;66.87;109.62;120.79;134.21;150.68;130.89;198.7
;SOLO 2 FILEIRAS BIPOSTE 20 GRAUS REGIAO 4 ;Biposte;2;20;4;1134;80;4;SL002C200X000BRT;30.7;122.79;1.53;2.52;2.77;3.08;3.46;3.0;198.7
;SOLO 2 FILEIRAS BIPOSTE 20 GRAUS REGIAO 4 ;Biposte;2;20;4;1134;80;44;SL002C407X000BRT;62.47;2748.69;34.36;56.33;62.07;68.96;77.42;67.25;198.7
;SOLO 2 FILEIRAS BIPOSTE 20 GRAUS REGIAO 4 ;Biposte;2;20;4;1134;80;44;EFSALJUNCAO400;3.91;171.9;2.15;3.52;3.88;4.31;4.84;4.21;198.7
;SOLO 2 FILEIRAS BIPOSTE 20 GRAUS REGIAO 4 ;Biposte;2;20;4;1134;80;22;EFSALKITTRAV05;13.07;287.47;3.59;5.89;6.49;7.21;8.1;7.03;198.7
;SOLO 2 FILEIRAS BIPOSTE 20 GRAUS REGIAO 4 ;Biposte;2;20;4;1134;80;156;PSGRAMPINTSMART2;0.7;109.51;1.37;2.24;2.47;2.75;3.08;2.68;198.7
;SOLO 2 FILEIRAS BIPOSTE 20 GRAUS REGIAO 4 ;Biposte;2;20;4;1134;80;8;SOLOGRAMPTERM1;1.25;10.02;0.13;0.21;0.23;0.25;0.28;0.25;198.7
SOLO 2 FILEIRAS BIPOSTE 20 GRAUS REGIAO 4 1303;SOLO 2 FILEIRAS BIPOSTE 20 GRAUS REGIAO 4 ;Biposte;2;20;4;1303;80;26;PTM20BIPOSTE02;236.27;6142.92;76.79;125.88;138.71;154.12;173.03;150.3;227.58999999999997
;SOLO 2 FILEIRAS BIPOSTE 20 GRAUS REGIAO 4 ;Biposte;2;20;4;1303;80;4;SL002C407X000BRT;62.47;249.88;3.12;5.12;5.64;6.27;7.04;6.11;227.58999999999997
;SOLO 2 FILEIRAS BIPOSTE 20 GRAUS REGIAO 4 ;Biposte;2;20;4;1303;80;56;SL002C350X000BRT;53.72;3008.39;37.6;61.65;67.93;75.48;84.74;73.61;227.58999999999997
;SOLO 2 FILEIRAS BIPOSTE 20 GRAUS REGIAO 4 ;Biposte;2;20;4;1303;80;56;EFSALJUNCAO400;3.91;218.78;2.73;4.48;4.94;5.49;6.16;5.35;227.58999999999997
;SOLO 2 FILEIRAS BIPOSTE 20 GRAUS REGIAO 4 ;Biposte;2;20;4;1303;80;26;EFSALKITTRAV05;13.07;339.73;4.25;6.96;7.67;8.52;9.57;8.31;227.58999999999997
;SOLO 2 FILEIRAS BIPOSTE 20 GRAUS REGIAO 4 ;Biposte;2;20;4;1303;80;156;PSGRAMPINTSMART2;0.7;109.51;1.37;2.24;2.47;2.75;3.08;2.68;227.58999999999997
;SOLO 2 FILEIRAS BIPOSTE 20 GRAUS REGIAO 4 ;Biposte;2;20;4;1303;80;8;SOLOGRAMPTERM1;1.25;10.02;0.13;0.21;0.23;0.25;0.28;0.25;227.58999999999997
SOLO 2 FILEIRAS  BIPOSTE 25 GRAUS REGIAO 4 1134;SOLO 2 FILEIRAS BIPOSTE 25 GRAUS REGIAO 4 ;Biposte;2;25;4;1134;80;25;PTM25BIPOSTE01;239.21;5980.35;74.75;122.55;135.04;150.04;168.45;146.33;213.54
;SOLO 2 FILEIRAS BIPOSTE 25 GRAUS REGIAO 4 ;Biposte;2;25;4;1134;80;4;SL002C200X000BRT;30.7;122.79;1.53;2.52;2.77;3.08;3.46;3.0;213.54
;SOLO 2 FILEIRAS BIPOSTE 25 GRAUS REGIAO 4 ;Biposte;2;25;4;1134;80;44;SL002C407X000BRT;62.47;2748.69;34.36;56.33;62.07;68.96;77.42;67.25;213.54
;SOLO 2 FILEIRAS BIPOSTE 25 GRAUS REGIAO 4 ;Biposte;2;25;4;1134;80;44;EFSALJUNCAO400;3.91;171.9;2.15;3.52;3.88;4.31;4.84;4.21;213.54
;SOLO 2 FILEIRAS BIPOSTE 25 GRAUS REGIAO 4 ;Biposte;2;25;4;1134;80;24;EFSALKITTRAV05;13.07;313.6;3.92;6.43;7.08;7.87;8.83;7.67;213.54
;SOLO 2 FILEIRAS BIPOSTE 25 GRAUS REGIAO 4 ;Biposte;2;25;4;1134;80;156;PSGRAMPINTSMART2;0.7;109.51;1.37;2.24;2.47;2.75;3.08;2.68;213.54
;SOLO 2 FILEIRAS BIPOSTE 25 GRAUS REGIAO 4 ;Biposte;2;25;4;1134;80;8;SOLOGRAMPTERM1;1.25;10.02;0.13;0.21;0.23;0.25;0.28;0.25;213.54
SOLO 2 FILEIRAS BIPOSTE 25 GRAUS REGIAO 4 1303;SOLO 2 FILEIRAS BIPOSTE 25 GRAUS REGIAO 4 ;Biposte;2;25;4;1303;80;29;PTM25BIPOSTE02;243.93;7074.0;88.43;144.96;159.73;177.48;199.26;173.09;249.19999999999996
;SOLO 2 FILEIRAS BIPOSTE 25 GRAUS REGIAO 4 ;Biposte;2;25;4;1303;80;4;SL002C407X000BRT;62.47;249.88;3.12;5.12;5.64;6.27;7.04;6.11;249.19999999999996
;SOLO 2 FILEIRAS BIPOSTE 25 GRAUS REGIAO 4 ;Biposte;2;25;4;1303;80;56;SL002C350X000BRT;53.72;3008.39;37.6;61.65;67.93;75.48;84.74;73.61;249.19999999999996
;SOLO 2 FILEIRAS BIPOSTE 25 GRAUS REGIAO 4 ;Biposte;2;25;4;1303;80;56;EFSALJUNCAO400;3.91;218.78;2.73;4.48;4.94;5.49;6.16;5.35;249.19999999999996
;SOLO 2 FILEIRAS BIPOSTE 25 GRAUS REGIAO 4 ;Biposte;2;25;4;1303;80;28;EFSALKITTRAV05;13.07;365.87;4.57;7.5;8.26;9.18;10.31;8.95;249.19999999999996
;SOLO 2 FILEIRAS BIPOSTE 25 GRAUS REGIAO 4 ;Biposte;2;25;4;1303;80;156;PSGRAMPINTSMART2;0.7;109.51;1.37;2.24;2.47;2.75;3.08;2.68;249.19999999999996
;SOLO 2 FILEIRAS BIPOSTE 25 GRAUS REGIAO 4 ;Biposte;2;25;4;1303;80;8;SOLOGRAMPTERM1;1.25;10.02;0.13;0.21;0.23;0.25;0.28;0.25;249.19999999999996
SOLO 2 FILEIRAS  BIPOSTE 25 GRAUS REGIAO 5 1134;SOLO 2 FILEIRAS BIPOSTE 25 GRAUS REGIAO 5 ;Biposte;2;25;5;1134;80;27;PTM25BIPOSTE01;239.21;6458.78;80.73;132.35;145.84;162.05;181.93;158.03;223.59
;SOLO 2 FILEIRAS BIPOSTE 25 GRAUS REGIAO 5 ;Biposte;2;25;5;1134;80;4;SL002C200X000BRT;30.7;122.79;1.53;2.52;2.77;3.08;3.46;3.0;223.59
;SOLO 2 FILEIRAS BIPOSTE 25 GRAUS REGIAO 5 ;Biposte;2;25;5;1134;80;44;SL002C407X000BRT;62.47;2748.69;34.36;56.33;62.07;68.96;77.42;67.25;223.59
;SOLO 2 FILEIRAS BIPOSTE 25 GRAUS REGIAO 5 ;Biposte;2;25;5;1134;80;44;EFSALJUNCAO400;3.91;171.9;2.15;3.52;3.88;4.31;4.84;4.21;223.59
;SOLO 2 FILEIRAS BIPOSTE 25 GRAUS REGIAO 5 ;Biposte;2;25;5;1134;80;26;EFSALCONTVENT200;10.78;280.15;3.5;5.74;6.33;7.03;7.89;6.85;223.59
;SOLO 2 FILEIRAS BIPOSTE 25 GRAUS REGIAO 5 ;Biposte;2;25;5;1134;80;156;PSGRAMPINTSMART2;0.7;109.51;1.37;2.24;2.47;2.75;3.08;2.68;223.59
;SOLO 2 FILEIRAS BIPOSTE 25 GRAUS REGIAO 5 ;Biposte;2;25;5;1134;80;8;SOLOGRAMPTERM1;1.25;10.02;0.13;0.21;0.23;0.25;0.28;0.25;223.59
SOLO 2 FILEIRAS BIPOSTE 25 GRAUS REGIAO 5 1303;SOLO 2 FILEIRAS BIPOSTE 25 GRAUS REGIAO 5 ;Biposte;2;25;5;1303;80;32;PTM25BIPOSTE02;243.93;7805.8;97.57;159.95;176.26;195.84;219.87;190.99;265.26000000000005
;SOLO 2 FILEIRAS BIPOSTE 25 GRAUS REGIAO 5 ;Biposte;2;25;5;1303;80;4;SL002C407X000BRT;62.47;249.88;3.12;5.12;5.64;6.27;7.04;6.11;265.26000000000005
;SOLO 2 FILEIRAS BIPOSTE 25 GRAUS REGIAO 5 ;Biposte;2;25;5;1303;80;56;SL002C350X000BRT;53.72;3008.39;37.6;61.65;67.93;75.48;84.74;73.61;265.26000000000005
;SOLO 2 FILEIRAS BIPOSTE 25 GRAUS REGIAO 5 ;Biposte;2;25;5;1303;80;56;EFSALJUNCAO400;3.91;218.78;2.73;4.48;4.94;5.49;6.16;5.35;265.26000000000005
;SOLO 2 FILEIRAS BIPOSTE 25 GRAUS REGIAO 5 ;Biposte;2;25;5;1303;80;32;EFSALCONTVENT200;10.78;344.81;4.31;7.07;7.79;8.65;9.71;8.44;265.26000000000005
;SOLO 2 FILEIRAS BIPOSTE 25 GRAUS REGIAO 5 ;Biposte;2;25;5;1303;80;156;PSGRAMPINTSMART2;0.7;109.51;1.37;2.24;2.47;2.75;3.08;2.68;265.26000000000005
;SOLO 2 FILEIRAS BIPOSTE 25 GRAUS REGIAO 5 ;Biposte;2;25;5;1303;80;8;SOLOGRAMPTERM1;1.25;10.02;0.13;0.21;0.23;0.25;0.28;0.25;265.26000000000005
